顧客ID,性別コード,年齢層,お仕事,お住まい,家族構成,趣味・関心事,最近の悩み,顧客プロフィール,会員ランク,年間購入額
67777275,男,37,事務職,広島県,既婚子あり（1人）,映画鑑賞、音楽,転職,広島県在住37歳男性。事務職として働く。趣味は映画鑑賞、音楽。,ブロンズ,188676
23803c47,男,30,ITエンジニア,宮城県,既婚子あり（1人）,料理、旅行、映画鑑賞、音楽,老後の資金,宮城県在住30歳男性。ITエンジニアとして働く。趣味は料理、旅行、映画鑑賞、音楽。,一般,46635
32b568ed,男,40,学生,大阪府,独身,ガーデニング、旅行,子供の教育,大阪府在住40歳男性。学生として働く。趣味はガーデニング、旅行。,ゴールド,162988
952604d8,女,56,学生,北海道,既婚子あり（2人以上）,ショッピング、スポーツ,ワークライフバランス,北海道在住56歳女性。学生として働く。趣味はショッピング、スポーツ。,一般,118455
36becf61,女,20,パート,埼玉県,既婚子あり（2人以上）,写真、ガーデニング、アウトドア、DIY,スキルアップ,埼玉県在住20歳女性。パートとして働く。趣味は写真、ガーデニング、アウトドア、DIY。,一般,206357
34c80942,男,68,教員,愛知県,独身,ガーデニング、スポーツ、旅行,ワークライフバランス,愛知県在住68歳男性。教員として働く。趣味はガーデニング、スポーツ、旅行。,ブロンズ,300562
3f28ab4e,女,24,学生,広島県,既婚子あり（1人）,料理、DIY,老後の資金,広島県在住24歳女性。学生として働く。趣味は料理、DIY。,ブロンズ,16726
9f9a3252,女,34,パート,埼玉県,独身,スポーツ、カフェ巡り、ガーデニング、料理,転職,埼玉県在住34歳女性。パートとして働く。趣味はスポーツ、カフェ巡り、ガーデニング、料理。,一般,103108
77a9c570,男,54,学生,広島県,既婚子あり（2人以上）,映画鑑賞、旅行,スキルアップ,広島県在住54歳男性。学生として働く。趣味は映画鑑賞、旅行。,シルバー,21014
5cdbc0f7,女,42,教員,北海道,既婚子あり（2人以上）,音楽、映画鑑賞、読書、DIY,老後の資金,北海道在住42歳女性。教員として働く。趣味は音楽、映画鑑賞、読書、DIY。,ブロンズ,380699
5c25feee,男,25,パート,東京都,既婚子あり（2人以上）,写真、アウトドア,人間関係,東京都在住25歳男性。パートとして働く。趣味は写真、アウトドア。,ゴールド,179060
7553c540,女,50,営業職,埼玉県,既婚子あり（1人）,ゲーム、映画鑑賞、ガーデニング,子供の教育,埼玉県在住50歳女性。営業職として働く。趣味はゲーム、映画鑑賞、ガーデニング。,一般,43683
f90f6e1c,男,43,教員,福岡県,独身,映画鑑賞、写真、音楽、アウトドア,住宅ローン,福岡県在住43歳男性。教員として働く。趣味は映画鑑賞、写真、音楽、アウトドア。,シルバー,489053
1f80d9c7,女,69,パート,宮城県,既婚子なし,ゲーム、写真、読書、旅行,副業,宮城県在住69歳女性。パートとして働く。趣味はゲーム、写真、読書、旅行。,一般,236587
0627ee03,男,67,ITエンジニア,神奈川県,独身,カフェ巡り、アウトドア、ガーデニング,スキルアップ,神奈川県在住67歳男性。ITエンジニアとして働く。趣味はカフェ巡り、アウトドア、ガーデニング。,ブロンズ,234924
9606880f,男,30,主婦,宮城県,既婚子なし,写真、読書、ショッピング,ワークライフバランス,宮城県在住30歳男性。主婦として働く。趣味は写真、読書、ショッピング。,シルバー,478416
76864494,女,25,管理職,埼玉県,既婚子なし,ゲーム、スポーツ,人間関係,埼玉県在住25歳女性。管理職として働く。趣味はゲーム、スポーツ。,ゴールド,272430
8c89035e,男,32,主婦,福岡県,独身,スポーツ、DIY,キャリアアップ,福岡県在住32歳男性。主婦として働く。趣味はスポーツ、DIY。,ゴールド,324626
09ae9b3a,女,25,フリーランス,埼玉県,既婚子なし,旅行、カフェ巡り、アウトドア、音楽,健康管理,埼玉県在住25歳女性。フリーランスとして働く。趣味は旅行、カフェ巡り、アウトドア、音楽。,ブロンズ,384217
d4e59689,女,41,パート,福岡県,既婚子なし,ガーデニング、映画鑑賞、DIY、ショッピング,スキルアップ,福岡県在住41歳女性。パートとして働く。趣味はガーデニング、映画鑑賞、DIY、ショッピング。,ブロンズ,374790
a9ec91a8,男,64,営業職,宮城県,既婚子あり（2人以上）,ガーデニング、音楽、ゲーム,ワークライフバランス,宮城県在住64歳男性。営業職として働く。趣味はガーデニング、音楽、ゲーム。,シルバー,413851
263f2201,女,41,販売スタッフ,愛知県,既婚子あり（2人以上）,音楽、ショッピング,転職,愛知県在住41歳女性。販売スタッフとして働く。趣味は音楽、ショッピング。,ブロンズ,444822
20eaee18,男,55,パート,宮城県,独身,読書、スポーツ、写真,副業,宮城県在住55歳男性。パートとして働く。趣味は読書、スポーツ、写真。,ブロンズ,38789
8755eefb,女,23,医療従事者,広島県,既婚子あり（1人）,カフェ巡り、DIY,ワークライフバランス,広島県在住23歳女性。医療従事者として働く。趣味はカフェ巡り、DIY。,シルバー,349128
932dc168,女,37,学生,千葉県,既婚子あり（1人）,アウトドア、カフェ巡り,転職,千葉県在住37歳女性。学生として働く。趣味はアウトドア、カフェ巡り。,ブロンズ,186778
9a7abfa5,男,31,事務職,東京都,既婚子あり（2人以上）,カフェ巡り、アウトドア、旅行、ショッピング,転職,東京都在住31歳男性。事務職として働く。趣味はカフェ巡り、アウトドア、旅行、ショッピング。,ゴールド,256576
3fc5bde5,男,40,フリーランス,福岡県,独身,写真、DIY、スポーツ,副業,福岡県在住40歳男性。フリーランスとして働く。趣味は写真、DIY、スポーツ。,ゴールド,178098
917d2001,女,34,事務職,北海道,既婚子あり（1人）,音楽、ゲーム,人間関係,北海道在住34歳女性。事務職として働く。趣味は音楽、ゲーム。,ゴールド,328273
7ca27376,男,51,教員,愛知県,既婚子なし,スポーツ、写真,子供の教育,愛知県在住51歳男性。教員として働く。趣味はスポーツ、写真。,シルバー,168729
a02a2e35,女,49,販売スタッフ,北海道,独身,カフェ巡り、DIY,転職,北海道在住49歳女性。販売スタッフとして働く。趣味はカフェ巡り、DIY。,ブロンズ,433296
4b55ed4d,男,53,事務職,広島県,既婚子あり（2人以上）,読書、映画鑑賞、DIY,人間関係,広島県在住53歳男性。事務職として働く。趣味は読書、映画鑑賞、DIY。,一般,281209
657d331a,女,29,学生,愛知県,既婚子なし,料理、映画鑑賞,キャリアアップ,愛知県在住29歳女性。学生として働く。趣味は料理、映画鑑賞。,シルバー,48503
f1557b36,女,21,営業職,広島県,既婚子あり（1人）,映画鑑賞、ショッピング、料理、音楽,住宅ローン,広島県在住21歳女性。営業職として働く。趣味は映画鑑賞、ショッピング、料理、音楽。,シルバー,169480
b4909e10,男,38,教員,宮城県,既婚子なし,映画鑑賞、アウトドア、ゲーム、旅行,スキルアップ,宮城県在住38歳男性。教員として働く。趣味は映画鑑賞、アウトドア、ゲーム、旅行。,シルバー,227206
bd4aea6d,男,52,教員,広島県,既婚子あり（2人以上）,料理、音楽、読書、カフェ巡り,健康管理,広島県在住52歳男性。教員として働く。趣味は料理、音楽、読書、カフェ巡り。,ブロンズ,82992
5f9114a8,女,66,事務職,愛知県,独身,ゲーム、写真、DIY,健康管理,愛知県在住66歳女性。事務職として働く。趣味はゲーム、写真、DIY。,一般,283087
a533d5b8,女,38,フリーランス,福岡県,既婚子あり（2人以上）,読書、写真,老後の資金,福岡県在住38歳女性。フリーランスとして働く。趣味は読書、写真。,ブロンズ,395947
8f55247c,男,69,教員,福岡県,既婚子あり（2人以上）,音楽、旅行,スキルアップ,福岡県在住69歳男性。教員として働く。趣味は音楽、旅行。,シルバー,456356
776c7c04,男,30,事務職,宮城県,独身,旅行、料理,スキルアップ,宮城県在住30歳男性。事務職として働く。趣味は旅行、料理。,一般,115288
914d131b,女,23,営業職,愛知県,独身,アウトドア、読書、旅行,健康管理,愛知県在住23歳女性。営業職として働く。趣味はアウトドア、読書、旅行。,ブロンズ,240411
1c5a0050,男,35,販売スタッフ,広島県,既婚子あり（1人）,旅行、読書、ガーデニング、映画鑑賞,住宅ローン,広島県在住35歳男性。販売スタッフとして働く。趣味は旅行、読書、ガーデニング、映画鑑賞。,ブロンズ,360829
970001f9,女,42,販売スタッフ,東京都,独身,読書、ショッピング、料理、スポーツ,キャリアアップ,東京都在住42歳女性。販売スタッフとして働く。趣味は読書、ショッピング、料理、スポーツ。,シルバー,302204
1ec213ef,男,58,教員,埼玉県,既婚子あり（1人）,写真、ゲーム、アウトドア,子供の教育,埼玉県在住58歳男性。教員として働く。趣味は写真、ゲーム、アウトドア。,一般,469701
6e64d3d6,男,58,管理職,宮城県,既婚子あり（1人）,映画鑑賞、ゲーム、写真、ショッピング,住宅ローン,宮城県在住58歳男性。管理職として働く。趣味は映画鑑賞、ゲーム、写真、ショッピング。,ゴールド,208454
049f0696,男,59,フリーランス,神奈川県,独身,DIY、アウトドア、写真、料理,人間関係,神奈川県在住59歳男性。フリーランスとして働く。趣味はDIY、アウトドア、写真、料理。,ゴールド,110495
5ca8fbc0,男,66,フリーランス,広島県,既婚子あり（2人以上）,ガーデニング、写真、アウトドア,子供の教育,広島県在住66歳男性。フリーランスとして働く。趣味はガーデニング、写真、アウトドア。,一般,24006
6c2159c5,女,66,営業職,愛知県,既婚子なし,旅行、読書、ショッピング,副業,愛知県在住66歳女性。営業職として働く。趣味は旅行、読書、ショッピング。,ゴールド,151793
7cfa258e,男,24,フリーランス,東京都,既婚子あり（1人）,旅行、スポーツ、音楽,老後の資金,東京都在住24歳男性。フリーランスとして働く。趣味は旅行、スポーツ、音楽。,ブロンズ,282325
abf31d9c,男,62,主婦,大阪府,既婚子あり（1人）,ショッピング、ガーデニング、アウトドア,住宅ローン,大阪府在住62歳男性。主婦として働く。趣味はショッピング、ガーデニング、アウトドア。,一般,133195
3bab602a,男,25,事務職,千葉県,独身,音楽、ゲーム、ガーデニング,子供の教育,千葉県在住25歳男性。事務職として働く。趣味は音楽、ゲーム、ガーデニング。,シルバー,213117
58315816,男,46,販売スタッフ,福岡県,独身,旅行、読書、ショッピング,転職,福岡県在住46歳男性。販売スタッフとして働く。趣味は旅行、読書、ショッピング。,ブロンズ,230883
e21e86c7,男,69,パート,北海道,独身,読書、DIY,人間関係,北海道在住69歳男性。パートとして働く。趣味は読書、DIY。,ブロンズ,308017
6fae74ec,男,60,教員,埼玉県,既婚子なし,スポーツ、DIY、写真,ワークライフバランス,埼玉県在住60歳男性。教員として働く。趣味はスポーツ、DIY、写真。,ゴールド,358956
e8eeb8d8,男,39,管理職,福岡県,既婚子あり（2人以上）,カフェ巡り、映画鑑賞,人間関係,福岡県在住39歳男性。管理職として働く。趣味はカフェ巡り、映画鑑賞。,ゴールド,464086
bfffcb3e,男,30,教員,東京都,既婚子なし,カフェ巡り、DIY,キャリアアップ,東京都在住30歳男性。教員として働く。趣味はカフェ巡り、DIY。,一般,308500
3aecc716,女,65,主婦,宮城県,独身,読書、カフェ巡り,健康管理,宮城県在住65歳女性。主婦として働く。趣味は読書、カフェ巡り。,ブロンズ,377686
28dc18dd,男,33,教員,東京都,既婚子なし,写真、読書、映画鑑賞、音楽,スキルアップ,東京都在住33歳男性。教員として働く。趣味は写真、読書、映画鑑賞、音楽。,一般,184985
bc905a89,男,61,教員,広島県,既婚子あり（2人以上）,ガーデニング、読書、アウトドア、映画鑑賞,キャリアアップ,広島県在住61歳男性。教員として働く。趣味はガーデニング、読書、アウトドア、映画鑑賞。,シルバー,354202
ae7824a3,男,65,教員,千葉県,既婚子あり（1人）,写真、音楽、スポーツ,住宅ローン,千葉県在住65歳男性。教員として働く。趣味は写真、音楽、スポーツ。,一般,452807
b2d617e5,男,54,主婦,埼玉県,独身,DIY、ショッピング,子供の教育,埼玉県在住54歳男性。主婦として働く。趣味はDIY、ショッピング。,ゴールド,248051
d2cc8a60,男,60,主婦,神奈川県,独身,スポーツ、カフェ巡り、ゲーム,住宅ローン,神奈川県在住60歳男性。主婦として働く。趣味はスポーツ、カフェ巡り、ゲーム。,ブロンズ,114166
c5c29e28,男,22,フリーランス,東京都,独身,ショッピング、ゲーム、音楽,子供の教育,東京都在住22歳男性。フリーランスとして働く。趣味はショッピング、ゲーム、音楽。,ゴールド,354618
99a0e53c,男,34,医療従事者,広島県,既婚子なし,ガーデニング、アウトドア、読書、カフェ巡り,転職,広島県在住34歳男性。医療従事者として働く。趣味はガーデニング、アウトドア、読書、カフェ巡り。,シルバー,471164
d13adba1,女,41,フリーランス,千葉県,既婚子あり（2人以上）,スポーツ、ゲーム、ガーデニング、カフェ巡り,子供の教育,千葉県在住41歳女性。フリーランスとして働く。趣味はスポーツ、ゲーム、ガーデニング、カフェ巡り。,シルバー,63537
885b7954,男,64,主婦,愛知県,既婚子あり（1人）,旅行、ショッピング,子供の教育,愛知県在住64歳男性。主婦として働く。趣味は旅行、ショッピング。,一般,400255
8344d3b8,男,69,主婦,福岡県,既婚子なし,写真、ガーデニング、映画鑑賞,スキルアップ,福岡県在住69歳男性。主婦として働く。趣味は写真、ガーデニング、映画鑑賞。,シルバー,155065
9644a8f7,女,63,主婦,神奈川県,既婚子なし,音楽、アウトドア,スキルアップ,神奈川県在住63歳女性。主婦として働く。趣味は音楽、アウトドア。,一般,177027
8e0e1e92,男,60,パート,広島県,独身,カフェ巡り、ショッピング、映画鑑賞,老後の資金,広島県在住60歳男性。パートとして働く。趣味はカフェ巡り、ショッピング、映画鑑賞。,ゴールド,384180
28f2a4e5,女,43,フリーランス,福岡県,既婚子あり（2人以上）,ショッピング、DIY、ゲーム、料理,健康管理,福岡県在住43歳女性。フリーランスとして働く。趣味はショッピング、DIY、ゲーム、料理。,シルバー,76411
56b5ee8e,女,32,教員,神奈川県,既婚子あり（2人以上）,映画鑑賞、ゲーム、ガーデニング、旅行,住宅ローン,神奈川県在住32歳女性。教員として働く。趣味は映画鑑賞、ゲーム、ガーデニング、旅行。,ブロンズ,295418
eea5af5f,女,63,事務職,宮城県,既婚子なし,読書、写真,子供の教育,宮城県在住63歳女性。事務職として働く。趣味は読書、写真。,ゴールド,324544
66700453,女,52,パート,広島県,既婚子あり（2人以上）,ショッピング、料理,子供の教育,広島県在住52歳女性。パートとして働く。趣味はショッピング、料理。,ブロンズ,130001
01f4c138,女,64,パート,神奈川県,独身,読書、ゲーム、写真,人間関係,神奈川県在住64歳女性。パートとして働く。趣味は読書、ゲーム、写真。,ゴールド,112738
2465df99,女,25,事務職,宮城県,既婚子なし,読書、ショッピング,人間関係,宮城県在住25歳女性。事務職として働く。趣味は読書、ショッピング。,一般,497112
eb4b25da,女,48,営業職,広島県,独身,スポーツ、写真,人間関係,広島県在住48歳女性。営業職として働く。趣味はスポーツ、写真。,一般,446840
2c4052bf,女,43,フリーランス,大阪府,既婚子あり（1人）,旅行、読書、映画鑑賞、カフェ巡り,人間関係,大阪府在住43歳女性。フリーランスとして働く。趣味は旅行、読書、映画鑑賞、カフェ巡り。,ブロンズ,27285
4f6e9f12,男,38,フリーランス,北海道,既婚子なし,DIY、カフェ巡り、ゲーム,キャリアアップ,北海道在住38歳男性。フリーランスとして働く。趣味はDIY、カフェ巡り、ゲーム。,ゴールド,332769
84a7993f,女,29,販売スタッフ,宮城県,既婚子なし,カフェ巡り、写真、料理、スポーツ,子供の教育,宮城県在住29歳女性。販売スタッフとして働く。趣味はカフェ巡り、写真、料理、スポーツ。,シルバー,253033
1ff0c04c,女,41,学生,神奈川県,既婚子あり（2人以上）,音楽、アウトドア、スポーツ,老後の資金,神奈川県在住41歳女性。学生として働く。趣味は音楽、アウトドア、スポーツ。,一般,464216
452d3cc1,女,26,医療従事者,宮城県,既婚子あり（2人以上）,DIY、ショッピング、写真、旅行,キャリアアップ,宮城県在住26歳女性。医療従事者として働く。趣味はDIY、ショッピング、写真、旅行。,ゴールド,94416
ce6a0398,女,52,学生,千葉県,既婚子あり（1人）,料理、スポーツ、旅行、写真,キャリアアップ,千葉県在住52歳女性。学生として働く。趣味は料理、スポーツ、旅行、写真。,一般,433625
c01ff94d,男,57,パート,埼玉県,独身,カフェ巡り、アウトドア、ガーデニング,子供の教育,埼玉県在住57歳男性。パートとして働く。趣味はカフェ巡り、アウトドア、ガーデニング。,シルバー,190507
d9519176,男,28,管理職,広島県,既婚子なし,カフェ巡り、スポーツ,副業,広島県在住28歳男性。管理職として働く。趣味はカフェ巡り、スポーツ。,シルバー,331522
75b65c36,男,38,販売スタッフ,千葉県,独身,ショッピング、料理、DIY,スキルアップ,千葉県在住38歳男性。販売スタッフとして働く。趣味はショッピング、料理、DIY。,ゴールド,104847
125d5897,男,69,フリーランス,千葉県,既婚子なし,映画鑑賞、読書、料理,健康管理,千葉県在住69歳男性。フリーランスとして働く。趣味は映画鑑賞、読書、料理。,ブロンズ,122997
41e3eccc,男,31,学生,広島県,既婚子なし,写真、ショッピング,健康管理,広島県在住31歳男性。学生として働く。趣味は写真、ショッピング。,シルバー,353127
04c13e1b,男,46,ITエンジニア,福岡県,既婚子あり（1人）,カフェ巡り、旅行,副業,福岡県在住46歳男性。ITエンジニアとして働く。趣味はカフェ巡り、旅行。,ブロンズ,396872
2d98eb56,女,21,医療従事者,神奈川県,既婚子あり（1人）,音楽、アウトドア、DIY,子供の教育,神奈川県在住21歳女性。医療従事者として働く。趣味は音楽、アウトドア、DIY。,シルバー,110894
a71cbe23,男,39,教員,神奈川県,既婚子なし,DIY、アウトドア、料理、旅行,転職,神奈川県在住39歳男性。教員として働く。趣味はDIY、アウトドア、料理、旅行。,シルバー,131840
1b69cd64,女,67,事務職,大阪府,既婚子あり（1人）,旅行、アウトドア、映画鑑賞、カフェ巡り,人間関係,大阪府在住67歳女性。事務職として働く。趣味は旅行、アウトドア、映画鑑賞、カフェ巡り。,シルバー,299676
78bf0a94,男,59,パート,大阪府,既婚子あり（1人）,写真、スポーツ、アウトドア,キャリアアップ,大阪府在住59歳男性。パートとして働く。趣味は写真、スポーツ、アウトドア。,シルバー,333659
ee29cb2d,男,32,営業職,大阪府,既婚子あり（2人以上）,スポーツ、カフェ巡り、読書、旅行,スキルアップ,大阪府在住32歳男性。営業職として働く。趣味はスポーツ、カフェ巡り、読書、旅行。,ブロンズ,274637
bdf17186,男,47,主婦,北海道,独身,ガーデニング、映画鑑賞、旅行,住宅ローン,北海道在住47歳男性。主婦として働く。趣味はガーデニング、映画鑑賞、旅行。,ブロンズ,76715
633ffc46,女,67,学生,北海道,独身,カフェ巡り、ショッピング、ゲーム、ガーデニング,老後の資金,北海道在住67歳女性。学生として働く。趣味はカフェ巡り、ショッピング、ゲーム、ガーデニング。,シルバー,197911
96be4909,女,37,医療従事者,埼玉県,独身,映画鑑賞、ガーデニング,ワークライフバランス,埼玉県在住37歳女性。医療従事者として働く。趣味は映画鑑賞、ガーデニング。,ブロンズ,447193
db2fc928,女,48,パート,愛知県,既婚子なし,旅行、ガーデニング,ワークライフバランス,愛知県在住48歳女性。パートとして働く。趣味は旅行、ガーデニング。,シルバー,388078
6bd5d69c,女,68,ITエンジニア,埼玉県,既婚子なし,ショッピング、音楽、ゲーム、アウトドア,子供の教育,埼玉県在住68歳女性。ITエンジニアとして働く。趣味はショッピング、音楽、ゲーム、アウトドア。,ブロンズ,310437
29a383a5,女,69,パート,埼玉県,既婚子あり（2人以上）,ガーデニング、映画鑑賞、料理、カフェ巡り,キャリアアップ,埼玉県在住69歳女性。パートとして働く。趣味はガーデニング、映画鑑賞、料理、カフェ巡り。,シルバー,91141
a72677fe,女,48,医療従事者,宮城県,独身,カフェ巡り、ゲーム、ショッピング、映画鑑賞,キャリアアップ,宮城県在住48歳女性。医療従事者として働く。趣味はカフェ巡り、ゲーム、ショッピング、映画鑑賞。,ゴールド,146063
3a5d903b,男,37,ITエンジニア,神奈川県,既婚子なし,ショッピング、ガーデニング、旅行、料理,転職,神奈川県在住37歳男性。ITエンジニアとして働く。趣味はショッピング、ガーデニング、旅行、料理。,シルバー,100742
8dd81ffe,女,45,主婦,神奈川県,独身,DIY、音楽、スポーツ,ワークライフバランス,神奈川県在住45歳女性。主婦として働く。趣味はDIY、音楽、スポーツ。,シルバー,49353
90f4a810,男,67,学生,北海道,独身,旅行、音楽、スポーツ,スキルアップ,北海道在住67歳男性。学生として働く。趣味は旅行、音楽、スポーツ。,一般,334609
6b9aa704,男,23,販売スタッフ,愛知県,既婚子あり（2人以上）,料理、読書、写真,スキルアップ,愛知県在住23歳男性。販売スタッフとして働く。趣味は料理、読書、写真。,ゴールド,486846
3f41bd68,女,28,販売スタッフ,福岡県,独身,読書、ショッピング、写真、ガーデニング,転職,福岡県在住28歳女性。販売スタッフとして働く。趣味は読書、ショッピング、写真、ガーデニング。,一般,291819
795dae6d,女,38,教員,福岡県,既婚子あり（1人）,ショッピング、ガーデニング、アウトドア,キャリアアップ,福岡県在住38歳女性。教員として働く。趣味はショッピング、ガーデニング、アウトドア。,シルバー,443345
c006900e,男,22,教員,埼玉県,既婚子なし,スポーツ、ショッピング、カフェ巡り、アウトドア,子供の教育,埼玉県在住22歳男性。教員として働く。趣味はスポーツ、ショッピング、カフェ巡り、アウトドア。,一般,178164
3e38b433,男,35,ITエンジニア,大阪府,既婚子あり（1人）,料理、ゲーム、読書、DIY,スキルアップ,大阪府在住35歳男性。ITエンジニアとして働く。趣味は料理、ゲーム、読書、DIY。,ゴールド,383507
97188d3d,男,43,医療従事者,千葉県,独身,DIY、音楽、ゲーム、読書,子供の教育,千葉県在住43歳男性。医療従事者として働く。趣味はDIY、音楽、ゲーム、読書。,シルバー,441769
84d543ef,女,61,パート,福岡県,既婚子あり（2人以上）,ガーデニング、スポーツ、料理、DIY,ワークライフバランス,福岡県在住61歳女性。パートとして働く。趣味はガーデニング、スポーツ、料理、DIY。,ブロンズ,493679
75461a31,女,57,教員,北海道,既婚子あり（2人以上）,写真、DIY、ゲーム,子供の教育,北海道在住57歳女性。教員として働く。趣味は写真、DIY、ゲーム。,一般,270606
2b137c24,男,61,ITエンジニア,愛知県,既婚子あり（2人以上）,映画鑑賞、ガーデニング、ゲーム、音楽,スキルアップ,愛知県在住61歳男性。ITエンジニアとして働く。趣味は映画鑑賞、ガーデニング、ゲーム、音楽。,シルバー,119676
829f1cb4,女,21,販売スタッフ,福岡県,既婚子なし,旅行、スポーツ、料理、音楽,子供の教育,福岡県在住21歳女性。販売スタッフとして働く。趣味は旅行、スポーツ、料理、音楽。,一般,208456
380a15e8,男,20,事務職,千葉県,既婚子なし,旅行、料理、映画鑑賞、カフェ巡り,ワークライフバランス,千葉県在住20歳男性。事務職として働く。趣味は旅行、料理、映画鑑賞、カフェ巡り。,ブロンズ,116835
d412bbb4,女,45,主婦,大阪府,既婚子あり（1人）,ショッピング、音楽、旅行、DIY,人間関係,大阪府在住45歳女性。主婦として働く。趣味はショッピング、音楽、旅行、DIY。,シルバー,181594
ab136536,男,42,主婦,千葉県,独身,ショッピング、音楽,ワークライフバランス,千葉県在住42歳男性。主婦として働く。趣味はショッピング、音楽。,一般,419857
914d6035,男,21,学生,東京都,独身,読書、旅行、ショッピング,子供の教育,東京都在住21歳男性。学生として働く。趣味は読書、旅行、ショッピング。,ブロンズ,349431
468254f5,男,36,販売スタッフ,福岡県,既婚子なし,映画鑑賞、ショッピング、読書,転職,福岡県在住36歳男性。販売スタッフとして働く。趣味は映画鑑賞、ショッピング、読書。,シルバー,260092
2a44d869,女,55,ITエンジニア,愛知県,既婚子あり（2人以上）,カフェ巡り、DIY、ガーデニング、アウトドア,キャリアアップ,愛知県在住55歳女性。ITエンジニアとして働く。趣味はカフェ巡り、DIY、ガーデニング、アウトドア。,ゴールド,231682
9cc95079,男,49,事務職,宮城県,独身,カフェ巡り、DIY,転職,宮城県在住49歳男性。事務職として働く。趣味はカフェ巡り、DIY。,シルバー,440426
020b939b,男,35,販売スタッフ,福岡県,既婚子なし,スポーツ、DIY,住宅ローン,福岡県在住35歳男性。販売スタッフとして働く。趣味はスポーツ、DIY。,ゴールド,136963
eac68744,男,20,教員,北海道,既婚子あり（1人）,読書、料理、写真,住宅ローン,北海道在住20歳男性。教員として働く。趣味は読書、料理、写真。,ゴールド,431317
3178ec12,男,64,管理職,大阪府,既婚子あり（2人以上）,ゲーム、ショッピング,スキルアップ,大阪府在住64歳男性。管理職として働く。趣味はゲーム、ショッピング。,シルバー,301349
bb36307e,女,51,営業職,大阪府,独身,読書、カフェ巡り,人間関係,大阪府在住51歳女性。営業職として働く。趣味は読書、カフェ巡り。,シルバー,284390
2c697aae,男,55,教員,福岡県,既婚子あり（1人）,旅行、ショッピング、DIY、アウトドア,副業,福岡県在住55歳男性。教員として働く。趣味は旅行、ショッピング、DIY、アウトドア。,ブロンズ,458278
b5768d47,女,24,学生,東京都,独身,写真、読書、スポーツ,人間関係,東京都在住24歳女性。学生として働く。趣味は写真、読書、スポーツ。,一般,187528
42312670,男,28,学生,愛知県,既婚子あり（1人）,アウトドア、写真、ゲーム、カフェ巡り,副業,愛知県在住28歳男性。学生として働く。趣味はアウトドア、写真、ゲーム、カフェ巡り。,ブロンズ,98729
0c4dfe57,男,69,販売スタッフ,神奈川県,既婚子あり（1人）,読書、カフェ巡り,キャリアアップ,神奈川県在住69歳男性。販売スタッフとして働く。趣味は読書、カフェ巡り。,一般,217158
cc8c7e2e,男,64,パート,北海道,既婚子あり（1人）,ショッピング、写真、スポーツ、アウトドア,副業,北海道在住64歳男性。パートとして働く。趣味はショッピング、写真、スポーツ、アウトドア。,ゴールド,390346
46353282,男,48,教員,愛知県,既婚子なし,音楽、旅行、ガーデニング,スキルアップ,愛知県在住48歳男性。教員として働く。趣味は音楽、旅行、ガーデニング。,ゴールド,461400
5556cbf8,女,28,販売スタッフ,大阪府,独身,DIY、スポーツ、ゲーム、旅行,ワークライフバランス,大阪府在住28歳女性。販売スタッフとして働く。趣味はDIY、スポーツ、ゲーム、旅行。,一般,165009
f2d96c23,男,35,医療従事者,東京都,既婚子あり（2人以上）,音楽、ガーデニング、映画鑑賞,住宅ローン,東京都在住35歳男性。医療従事者として働く。趣味は音楽、ガーデニング、映画鑑賞。,シルバー,164116
ce839043,女,62,主婦,福岡県,既婚子あり（2人以上）,料理、ショッピング,子供の教育,福岡県在住62歳女性。主婦として働く。趣味は料理、ショッピング。,ブロンズ,78908
2b7f7d1e,女,31,管理職,大阪府,既婚子あり（2人以上）,料理、音楽、カフェ巡り,子供の教育,大阪府在住31歳女性。管理職として働く。趣味は料理、音楽、カフェ巡り。,ゴールド,162020
ac87a374,男,65,販売スタッフ,神奈川県,既婚子あり（2人以上）,スポーツ、ショッピング,住宅ローン,神奈川県在住65歳男性。販売スタッフとして働く。趣味はスポーツ、ショッピング。,ゴールド,390632
905fcc4a,男,48,販売スタッフ,東京都,独身,スポーツ、旅行、音楽,副業,東京都在住48歳男性。販売スタッフとして働く。趣味はスポーツ、旅行、音楽。,ゴールド,111399
e083df23,女,30,営業職,埼玉県,既婚子なし,旅行、ショッピング,転職,埼玉県在住30歳女性。営業職として働く。趣味は旅行、ショッピング。,ゴールド,41043
b826e2d9,男,35,学生,神奈川県,既婚子あり（1人）,アウトドア、音楽,スキルアップ,神奈川県在住35歳男性。学生として働く。趣味はアウトドア、音楽。,ゴールド,22987
a5b0dd12,女,33,教員,広島県,既婚子あり（1人）,写真、DIY、映画鑑賞、ショッピング,子供の教育,広島県在住33歳女性。教員として働く。趣味は写真、DIY、映画鑑賞、ショッピング。,シルバー,114888
d7b848ba,女,31,学生,東京都,既婚子あり（2人以上）,ゲーム、DIY,スキルアップ,東京都在住31歳女性。学生として働く。趣味はゲーム、DIY。,一般,387181
49338ef2,女,29,事務職,福岡県,既婚子あり（2人以上）,ゲーム、読書、料理、ショッピング,健康管理,福岡県在住29歳女性。事務職として働く。趣味はゲーム、読書、料理、ショッピング。,シルバー,165842
87c7a90a,女,62,パート,東京都,既婚子あり（2人以上）,料理、ショッピング、音楽,老後の資金,東京都在住62歳女性。パートとして働く。趣味は料理、ショッピング、音楽。,一般,191315
265a75ad,男,61,販売スタッフ,福岡県,独身,写真、ガーデニング,転職,福岡県在住61歳男性。販売スタッフとして働く。趣味は写真、ガーデニング。,シルバー,100927
99113535,女,46,管理職,愛知県,独身,スポーツ、写真,住宅ローン,愛知県在住46歳女性。管理職として働く。趣味はスポーツ、写真。,一般,359051
cf289fd2,男,20,フリーランス,広島県,既婚子あり（2人以上）,DIY、ゲーム、ショッピング、スポーツ,スキルアップ,広島県在住20歳男性。フリーランスとして働く。趣味はDIY、ゲーム、ショッピング、スポーツ。,一般,213366
25ccf933,男,67,ITエンジニア,大阪府,既婚子あり（2人以上）,読書、ゲーム、料理、映画鑑賞,健康管理,大阪府在住67歳男性。ITエンジニアとして働く。趣味は読書、ゲーム、料理、映画鑑賞。,一般,101065
1fb0a025,男,34,管理職,宮城県,既婚子あり（1人）,旅行、スポーツ、写真、ショッピング,転職,宮城県在住34歳男性。管理職として働く。趣味は旅行、スポーツ、写真、ショッピング。,一般,458207
5730a490,男,39,管理職,北海道,既婚子あり（2人以上）,ガーデニング、読書,転職,北海道在住39歳男性。管理職として働く。趣味はガーデニング、読書。,ゴールド,197407
f0f011a0,男,36,事務職,埼玉県,既婚子なし,写真、ショッピング,副業,埼玉県在住36歳男性。事務職として働く。趣味は写真、ショッピング。,一般,281805
a097b5fa,男,28,管理職,北海道,既婚子あり（1人）,音楽、スポーツ、DIY、旅行,転職,北海道在住28歳男性。管理職として働く。趣味は音楽、スポーツ、DIY、旅行。,シルバー,478918
65c1a1b7,男,56,学生,広島県,既婚子なし,旅行、スポーツ,人間関係,広島県在住56歳男性。学生として働く。趣味は旅行、スポーツ。,一般,37454
6ce545b6,女,38,主婦,東京都,既婚子なし,旅行、ガーデニング、ゲーム,ワークライフバランス,東京都在住38歳女性。主婦として働く。趣味は旅行、ガーデニング、ゲーム。,ブロンズ,179502
024752bc,女,58,営業職,大阪府,既婚子なし,スポーツ、料理、写真,ワークライフバランス,大阪府在住58歳女性。営業職として働く。趣味はスポーツ、料理、写真。,シルバー,257719
0aef1d8b,女,65,主婦,埼玉県,既婚子なし,ガーデニング、カフェ巡り、DIY,ワークライフバランス,埼玉県在住65歳女性。主婦として働く。趣味はガーデニング、カフェ巡り、DIY。,一般,376254
4388d4e8,女,68,学生,神奈川県,独身,DIY、ガーデニング、読書、音楽,転職,神奈川県在住68歳女性。学生として働く。趣味はDIY、ガーデニング、読書、音楽。,シルバー,289077
0407b6bf,女,51,事務職,北海道,既婚子あり（1人）,読書、旅行,スキルアップ,北海道在住51歳女性。事務職として働く。趣味は読書、旅行。,ブロンズ,85730
306d98cd,女,65,事務職,福岡県,既婚子あり（1人）,音楽、読書,人間関係,福岡県在住65歳女性。事務職として働く。趣味は音楽、読書。,ゴールド,380301
016f75ba,女,64,ITエンジニア,埼玉県,既婚子なし,料理、写真,子供の教育,埼玉県在住64歳女性。ITエンジニアとして働く。趣味は料理、写真。,シルバー,34275
cd52fdaa,男,55,ITエンジニア,大阪府,既婚子なし,映画鑑賞、写真、料理,スキルアップ,大阪府在住55歳男性。ITエンジニアとして働く。趣味は映画鑑賞、写真、料理。,一般,190862
c60b96cd,男,40,営業職,愛知県,既婚子あり（2人以上）,写真、読書,住宅ローン,愛知県在住40歳男性。営業職として働く。趣味は写真、読書。,ゴールド,414221
5a891b85,男,21,主婦,千葉県,独身,旅行、ガーデニング、カフェ巡り,転職,千葉県在住21歳男性。主婦として働く。趣味は旅行、ガーデニング、カフェ巡り。,一般,248119
d940f9bc,男,23,販売スタッフ,大阪府,既婚子なし,音楽、料理,キャリアアップ,大阪府在住23歳男性。販売スタッフとして働く。趣味は音楽、料理。,ゴールド,472932
241ab57f,女,58,営業職,広島県,既婚子あり（2人以上）,カフェ巡り、ショッピング、スポーツ、読書,子供の教育,広島県在住58歳女性。営業職として働く。趣味はカフェ巡り、ショッピング、スポーツ、読書。,一般,264707
5c2984c0,男,27,医療従事者,広島県,既婚子あり（1人）,料理、音楽、ゲーム、ガーデニング,子供の教育,広島県在住27歳男性。医療従事者として働く。趣味は料理、音楽、ゲーム、ガーデニング。,ブロンズ,63714
402f48c6,男,68,パート,大阪府,既婚子あり（2人以上）,スポーツ、写真、ゲーム、ガーデニング,スキルアップ,大阪府在住68歳男性。パートとして働く。趣味はスポーツ、写真、ゲーム、ガーデニング。,ゴールド,300673
fc913818,女,21,ITエンジニア,広島県,既婚子あり（2人以上）,アウトドア、音楽、カフェ巡り、写真,住宅ローン,広島県在住21歳女性。ITエンジニアとして働く。趣味はアウトドア、音楽、カフェ巡り、写真。,ブロンズ,411261
53d49afe,女,52,学生,福岡県,既婚子あり（2人以上）,ガーデニング、音楽、読書,住宅ローン,福岡県在住52歳女性。学生として働く。趣味はガーデニング、音楽、読書。,ブロンズ,134615
519e8c1f,男,69,事務職,福岡県,既婚子あり（1人）,アウトドア、音楽、映画鑑賞、カフェ巡り,子供の教育,福岡県在住69歳男性。事務職として働く。趣味はアウトドア、音楽、映画鑑賞、カフェ巡り。,一般,495680
e5b13c8f,女,23,営業職,神奈川県,独身,読書、音楽、写真,子供の教育,神奈川県在住23歳女性。営業職として働く。趣味は読書、音楽、写真。,ブロンズ,106555
5ca2de56,女,60,ITエンジニア,大阪府,既婚子なし,読書、ゲーム、アウトドア、写真,キャリアアップ,大阪府在住60歳女性。ITエンジニアとして働く。趣味は読書、ゲーム、アウトドア、写真。,一般,454099
46794587,女,39,販売スタッフ,埼玉県,独身,スポーツ、旅行、音楽,住宅ローン,埼玉県在住39歳女性。販売スタッフとして働く。趣味はスポーツ、旅行、音楽。,ゴールド,60624
4e5d7c5e,男,34,医療従事者,神奈川県,独身,旅行、音楽,副業,神奈川県在住34歳男性。医療従事者として働く。趣味は旅行、音楽。,ゴールド,486143
1d7858ae,女,47,事務職,北海道,独身,ガーデニング、写真,キャリアアップ,北海道在住47歳女性。事務職として働く。趣味はガーデニング、写真。,シルバー,189699
35cd2d4e,女,66,フリーランス,宮城県,既婚子あり（1人）,DIY、カフェ巡り、スポーツ,転職,宮城県在住66歳女性。フリーランスとして働く。趣味はDIY、カフェ巡り、スポーツ。,ゴールド,19307
a80b83e2,女,38,営業職,福岡県,既婚子あり（1人）,旅行、ゲーム、アウトドア,人間関係,福岡県在住38歳女性。営業職として働く。趣味は旅行、ゲーム、アウトドア。,シルバー,416788
7eb3e118,男,30,医療従事者,宮城県,既婚子あり（1人）,音楽、カフェ巡り,転職,宮城県在住30歳男性。医療従事者として働く。趣味は音楽、カフェ巡り。,ブロンズ,438033
da5897c7,女,36,フリーランス,埼玉県,既婚子なし,アウトドア、ゲーム,健康管理,埼玉県在住36歳女性。フリーランスとして働く。趣味はアウトドア、ゲーム。,シルバー,429779
704f9bf3,女,22,ITエンジニア,東京都,独身,料理、ショッピング,スキルアップ,東京都在住22歳女性。ITエンジニアとして働く。趣味は料理、ショッピング。,シルバー,59780
15aae3b2,男,54,主婦,東京都,独身,写真、旅行、アウトドア、読書,人間関係,東京都在住54歳男性。主婦として働く。趣味は写真、旅行、アウトドア、読書。,シルバー,331140
dcd1f76a,男,51,ITエンジニア,東京都,独身,ガーデニング、ゲーム、料理,老後の資金,東京都在住51歳男性。ITエンジニアとして働く。趣味はガーデニング、ゲーム、料理。,一般,444640
0bbfd402,女,43,フリーランス,千葉県,独身,アウトドア、映画鑑賞,転職,千葉県在住43歳女性。フリーランスとして働く。趣味はアウトドア、映画鑑賞。,ブロンズ,305108
afa9dd78,女,37,営業職,神奈川県,既婚子あり（1人）,音楽、アウトドア、映画鑑賞、ゲーム,ワークライフバランス,神奈川県在住37歳女性。営業職として働く。趣味は音楽、アウトドア、映画鑑賞、ゲーム。,シルバー,246829
363e9e0e,女,55,フリーランス,愛知県,独身,アウトドア、映画鑑賞、旅行,スキルアップ,愛知県在住55歳女性。フリーランスとして働く。趣味はアウトドア、映画鑑賞、旅行。,ゴールド,259848
e626800b,女,60,主婦,愛知県,既婚子あり（2人以上）,ショッピング、音楽、DIY、ゲーム,副業,愛知県在住60歳女性。主婦として働く。趣味はショッピング、音楽、DIY、ゲーム。,一般,289790
036bcb13,女,41,フリーランス,千葉県,既婚子あり（1人）,ゲーム、写真、ショッピング、アウトドア,住宅ローン,千葉県在住41歳女性。フリーランスとして働く。趣味はゲーム、写真、ショッピング、アウトドア。,一般,403300
752dac4a,男,68,医療従事者,愛知県,独身,旅行、ガーデニング、ゲーム、読書,副業,愛知県在住68歳男性。医療従事者として働く。趣味は旅行、ガーデニング、ゲーム、読書。,一般,381795
1bebbdb7,女,25,管理職,宮城県,独身,DIY、旅行、写真,住宅ローン,宮城県在住25歳女性。管理職として働く。趣味はDIY、旅行、写真。,ブロンズ,12375
64676281,女,36,事務職,埼玉県,既婚子あり（1人）,音楽、アウトドア,健康管理,埼玉県在住36歳女性。事務職として働く。趣味は音楽、アウトドア。,ゴールド,398212
f1a30464,女,62,事務職,埼玉県,既婚子あり（1人）,ガーデニング、旅行,副業,埼玉県在住62歳女性。事務職として働く。趣味はガーデニング、旅行。,シルバー,142709
308d7d21,女,25,フリーランス,東京都,独身,DIY、ゲーム、カフェ巡り,老後の資金,東京都在住25歳女性。フリーランスとして働く。趣味はDIY、ゲーム、カフェ巡り。,一般,323432
421d887c,男,61,フリーランス,福岡県,既婚子あり（1人）,ガーデニング、スポーツ,副業,福岡県在住61歳男性。フリーランスとして働く。趣味はガーデニング、スポーツ。,一般,224799
865de466,男,36,教員,愛知県,独身,写真、スポーツ、アウトドア,副業,愛知県在住36歳男性。教員として働く。趣味は写真、スポーツ、アウトドア。,ブロンズ,128476
f5fd66a2,女,25,ITエンジニア,神奈川県,独身,旅行、映画鑑賞、DIY,人間関係,神奈川県在住25歳女性。ITエンジニアとして働く。趣味は旅行、映画鑑賞、DIY。,ゴールド,266735
18a1a024,男,61,販売スタッフ,神奈川県,既婚子あり（2人以上）,読書、料理,副業,神奈川県在住61歳男性。販売スタッフとして働く。趣味は読書、料理。,ブロンズ,192064
ad3fa12f,女,24,主婦,福岡県,既婚子あり（2人以上）,カフェ巡り、DIY、ショッピング,キャリアアップ,福岡県在住24歳女性。主婦として働く。趣味はカフェ巡り、DIY、ショッピング。,一般,451247
e8ee2486,女,47,学生,大阪府,既婚子あり（2人以上）,スポーツ、料理、旅行,スキルアップ,大阪府在住47歳女性。学生として働く。趣味はスポーツ、料理、旅行。,一般,282247
3ba2705c,女,39,営業職,神奈川県,既婚子あり（1人）,ショッピング、DIY、読書,ワークライフバランス,神奈川県在住39歳女性。営業職として働く。趣味はショッピング、DIY、読書。,一般,46991
b65a8c6f,女,22,営業職,東京都,独身,料理、ショッピング、写真,老後の資金,東京都在住22歳女性。営業職として働く。趣味は料理、ショッピング、写真。,シルバー,328912
72a48e50,男,65,販売スタッフ,神奈川県,独身,ゲーム、読書、アウトドア,ワークライフバランス,神奈川県在住65歳男性。販売スタッフとして働く。趣味はゲーム、読書、アウトドア。,一般,486075
17167df0,男,24,事務職,福岡県,独身,ゲーム、アウトドア、旅行、映画鑑賞,住宅ローン,福岡県在住24歳男性。事務職として働く。趣味はゲーム、アウトドア、旅行、映画鑑賞。,ゴールド,110802
5c7afa9a,女,24,管理職,神奈川県,独身,料理、ガーデニング,副業,神奈川県在住24歳女性。管理職として働く。趣味は料理、ガーデニング。,ブロンズ,408146
d10f62ba,女,49,医療従事者,広島県,既婚子なし,スポーツ、読書,キャリアアップ,広島県在住49歳女性。医療従事者として働く。趣味はスポーツ、読書。,シルバー,159055
9d3d8a96,男,28,教員,東京都,既婚子あり（2人以上）,アウトドア、音楽、旅行,人間関係,東京都在住28歳男性。教員として働く。趣味はアウトドア、音楽、旅行。,ブロンズ,204978
e5cc2ee6,女,58,フリーランス,千葉県,既婚子なし,旅行、カフェ巡り、スポーツ,人間関係,千葉県在住58歳女性。フリーランスとして働く。趣味は旅行、カフェ巡り、スポーツ。,ブロンズ,184928
f83ce911,男,45,フリーランス,千葉県,既婚子あり（1人）,音楽、写真、旅行,キャリアアップ,千葉県在住45歳男性。フリーランスとして働く。趣味は音楽、写真、旅行。,ゴールド,460427
73882882,女,22,ITエンジニア,埼玉県,既婚子なし,カフェ巡り、ゲーム,副業,埼玉県在住22歳女性。ITエンジニアとして働く。趣味はカフェ巡り、ゲーム。,シルバー,262984
7d240f07,女,36,学生,北海道,既婚子なし,ゲーム、カフェ巡り、DIY,老後の資金,北海道在住36歳女性。学生として働く。趣味はゲーム、カフェ巡り、DIY。,ブロンズ,333510
8805e7c2,男,62,医療従事者,福岡県,既婚子なし,DIY、旅行,キャリアアップ,福岡県在住62歳男性。医療従事者として働く。趣味はDIY、旅行。,シルバー,386984
7c6ac63c,女,24,学生,東京都,既婚子あり（2人以上）,ガーデニング、ゲーム、旅行、スポーツ,転職,東京都在住24歳女性。学生として働く。趣味はガーデニング、ゲーム、旅行、スポーツ。,ゴールド,386499
9ee8ee8f,女,42,販売スタッフ,宮城県,独身,スポーツ、ガーデニング、ショッピング,ワークライフバランス,宮城県在住42歳女性。販売スタッフとして働く。趣味はスポーツ、ガーデニング、ショッピング。,シルバー,270549
fb1ef969,男,56,管理職,千葉県,既婚子なし,スポーツ、読書,老後の資金,千葉県在住56歳男性。管理職として働く。趣味はスポーツ、読書。,一般,263186
e2d92256,女,30,教員,福岡県,既婚子なし,アウトドア、カフェ巡り、DIY、映画鑑賞,副業,福岡県在住30歳女性。教員として働く。趣味はアウトドア、カフェ巡り、DIY、映画鑑賞。,ゴールド,483215
7fc9e9f3,男,57,パート,神奈川県,既婚子あり（1人）,旅行、カフェ巡り,老後の資金,神奈川県在住57歳男性。パートとして働く。趣味は旅行、カフェ巡り。,ブロンズ,78871
201fdc47,女,46,販売スタッフ,広島県,既婚子なし,スポーツ、ガーデニング,老後の資金,広島県在住46歳女性。販売スタッフとして働く。趣味はスポーツ、ガーデニング。,ゴールド,178297
e33693d0,男,23,学生,北海道,独身,読書、DIY、ショッピング、旅行,人間関係,北海道在住23歳男性。学生として働く。趣味は読書、DIY、ショッピング、旅行。,シルバー,447018
d9a69015,女,37,医療従事者,愛知県,既婚子あり（1人）,ゲーム、アウトドア,転職,愛知県在住37歳女性。医療従事者として働く。趣味はゲーム、アウトドア。,ブロンズ,425506
53b91332,男,61,ITエンジニア,宮城県,独身,ショッピング、料理、スポーツ,子供の教育,宮城県在住61歳男性。ITエンジニアとして働く。趣味はショッピング、料理、スポーツ。,ゴールド,449061
9a7578fe,女,42,販売スタッフ,千葉県,既婚子なし,アウトドア、DIY,転職,千葉県在住42歳女性。販売スタッフとして働く。趣味はアウトドア、DIY。,一般,391910
fc98fd3f,男,66,医療従事者,宮城県,独身,読書、ガーデニング、カフェ巡り,健康管理,宮城県在住66歳男性。医療従事者として働く。趣味は読書、ガーデニング、カフェ巡り。,シルバー,366720
cdc40d18,女,66,教員,埼玉県,既婚子なし,ショッピング、スポーツ,スキルアップ,埼玉県在住66歳女性。教員として働く。趣味はショッピング、スポーツ。,ブロンズ,419270
927a5246,男,57,管理職,宮城県,既婚子あり（1人）,旅行、DIY、スポーツ、料理,健康管理,宮城県在住57歳男性。管理職として働く。趣味は旅行、DIY、スポーツ、料理。,一般,59462
6a9c066a,男,50,事務職,東京都,既婚子あり（1人）,ゲーム、音楽、料理、旅行,転職,東京都在住50歳男性。事務職として働く。趣味はゲーム、音楽、料理、旅行。,ゴールド,344839
b8677c0a,男,34,学生,愛知県,独身,ガーデニング、アウトドア、旅行、料理,キャリアアップ,愛知県在住34歳男性。学生として働く。趣味はガーデニング、アウトドア、旅行、料理。,シルバー,316344
b25a6bd7,女,35,販売スタッフ,千葉県,独身,写真、ガーデニング、スポーツ、映画鑑賞,健康管理,千葉県在住35歳女性。販売スタッフとして働く。趣味は写真、ガーデニング、スポーツ、映画鑑賞。,シルバー,261340
e576eae6,男,58,管理職,東京都,既婚子なし,旅行、料理、カフェ巡り,人間関係,東京都在住58歳男性。管理職として働く。趣味は旅行、料理、カフェ巡り。,一般,121736
bbd542b9,男,21,学生,宮城県,既婚子あり（2人以上）,ショッピング、映画鑑賞,住宅ローン,宮城県在住21歳男性。学生として働く。趣味はショッピング、映画鑑賞。,ゴールド,482657
8afdf852,女,68,ITエンジニア,福岡県,既婚子なし,旅行、読書、写真、ショッピング,人間関係,福岡県在住68歳女性。ITエンジニアとして働く。趣味は旅行、読書、写真、ショッピング。,ブロンズ,192010
9927b9a2,男,27,医療従事者,宮城県,既婚子あり（2人以上）,料理、スポーツ,ワークライフバランス,宮城県在住27歳男性。医療従事者として働く。趣味は料理、スポーツ。,シルバー,78659
325a34fd,男,56,教員,北海道,既婚子あり（2人以上）,料理、音楽、写真、映画鑑賞,老後の資金,北海道在住56歳男性。教員として働く。趣味は料理、音楽、写真、映画鑑賞。,一般,78464
d06c7746,男,54,パート,神奈川県,独身,映画鑑賞、カフェ巡り、ショッピング,キャリアアップ,神奈川県在住54歳男性。パートとして働く。趣味は映画鑑賞、カフェ巡り、ショッピング。,ゴールド,221736
67244631,男,55,管理職,大阪府,既婚子なし,旅行、ショッピング、DIY、カフェ巡り,子供の教育,大阪府在住55歳男性。管理職として働く。趣味は旅行、ショッピング、DIY、カフェ巡り。,一般,120017
b9515613,男,34,フリーランス,福岡県,既婚子あり（2人以上）,ショッピング、スポーツ、DIY、ガーデニング,子供の教育,福岡県在住34歳男性。フリーランスとして働く。趣味はショッピング、スポーツ、DIY、ガーデニング。,ゴールド,102137
ffcdcd10,男,33,販売スタッフ,愛知県,独身,映画鑑賞、カフェ巡り,子供の教育,愛知県在住33歳男性。販売スタッフとして働く。趣味は映画鑑賞、カフェ巡り。,ゴールド,224340
7211e230,男,59,学生,福岡県,既婚子あり（2人以上）,アウトドア、映画鑑賞、ショッピング、ガーデニング,老後の資金,福岡県在住59歳男性。学生として働く。趣味はアウトドア、映画鑑賞、ショッピング、ガーデニング。,ブロンズ,198241
1c1452a3,女,28,ITエンジニア,愛知県,既婚子あり（2人以上）,写真、ゲーム,キャリアアップ,愛知県在住28歳女性。ITエンジニアとして働く。趣味は写真、ゲーム。,シルバー,243240
1fe6ab6f,女,42,フリーランス,千葉県,独身,写真、ショッピング,転職,千葉県在住42歳女性。フリーランスとして働く。趣味は写真、ショッピング。,シルバー,208386
b86fcb05,女,39,ITエンジニア,広島県,既婚子あり（1人）,アウトドア、料理,住宅ローン,広島県在住39歳女性。ITエンジニアとして働く。趣味はアウトドア、料理。,ブロンズ,173748
74cb3efc,女,61,主婦,神奈川県,独身,映画鑑賞、ショッピング、DIY、アウトドア,老後の資金,神奈川県在住61歳女性。主婦として働く。趣味は映画鑑賞、ショッピング、DIY、アウトドア。,一般,284869
442d31d8,女,25,医療従事者,愛知県,独身,ゲーム、ショッピング,健康管理,愛知県在住25歳女性。医療従事者として働く。趣味はゲーム、ショッピング。,ブロンズ,123386
2ba6c9e8,女,67,販売スタッフ,千葉県,既婚子あり（1人）,映画鑑賞、ガーデニング、カフェ巡り,スキルアップ,千葉県在住67歳女性。販売スタッフとして働く。趣味は映画鑑賞、ガーデニング、カフェ巡り。,一般,121233
dea6c1af,男,29,パート,大阪府,既婚子なし,スポーツ、ゲーム、読書、写真,人間関係,大阪府在住29歳男性。パートとして働く。趣味はスポーツ、ゲーム、読書、写真。,ブロンズ,230142
9e18729f,男,58,管理職,埼玉県,既婚子あり（2人以上）,旅行、カフェ巡り,人間関係,埼玉県在住58歳男性。管理職として働く。趣味は旅行、カフェ巡り。,ゴールド,30707
a2890376,女,46,パート,神奈川県,既婚子あり（2人以上）,ゲーム、カフェ巡り、ショッピング、音楽,子供の教育,神奈川県在住46歳女性。パートとして働く。趣味はゲーム、カフェ巡り、ショッピング、音楽。,シルバー,447794
ff7e2091,男,21,営業職,東京都,既婚子あり（1人）,映画鑑賞、音楽,スキルアップ,東京都在住21歳男性。営業職として働く。趣味は映画鑑賞、音楽。,ブロンズ,225100
1605f281,女,37,パート,埼玉県,既婚子あり（1人）,DIY、料理,子供の教育,埼玉県在住37歳女性。パートとして働く。趣味はDIY、料理。,シルバー,75622
635681f8,女,55,営業職,東京都,既婚子なし,写真、音楽、ガーデニング,住宅ローン,東京都在住55歳女性。営業職として働く。趣味は写真、音楽、ガーデニング。,ゴールド,17254
79012674,男,55,主婦,千葉県,既婚子あり（1人）,読書、写真、DIY,人間関係,千葉県在住55歳男性。主婦として働く。趣味は読書、写真、DIY。,一般,151362
a52ae056,男,22,教員,宮城県,既婚子なし,映画鑑賞、写真、ガーデニング,ワークライフバランス,宮城県在住22歳男性。教員として働く。趣味は映画鑑賞、写真、ガーデニング。,ゴールド,156223
f5a11e01,男,46,ITエンジニア,大阪府,既婚子あり（2人以上）,読書、旅行、カフェ巡り,住宅ローン,大阪府在住46歳男性。ITエンジニアとして働く。趣味は読書、旅行、カフェ巡り。,一般,18113
e6b8c3b0,女,49,管理職,神奈川県,独身,ガーデニング、アウトドア,転職,神奈川県在住49歳女性。管理職として働く。趣味はガーデニング、アウトドア。,シルバー,359143
c517a184,男,21,販売スタッフ,宮城県,独身,音楽、料理、アウトドア,人間関係,宮城県在住21歳男性。販売スタッフとして働く。趣味は音楽、料理、アウトドア。,ゴールド,71815
90040536,女,40,事務職,広島県,既婚子なし,ガーデニング、アウトドア、料理,子供の教育,広島県在住40歳女性。事務職として働く。趣味はガーデニング、アウトドア、料理。,シルバー,91013
a89437db,男,44,営業職,埼玉県,既婚子なし,ショッピング、アウトドア,住宅ローン,埼玉県在住44歳男性。営業職として働く。趣味はショッピング、アウトドア。,ゴールド,70598
c630182c,男,60,管理職,福岡県,既婚子なし,写真、スポーツ、ショッピング,住宅ローン,福岡県在住60歳男性。管理職として働く。趣味は写真、スポーツ、ショッピング。,ゴールド,357752
dfcee957,男,52,主婦,宮城県,既婚子なし,料理、スポーツ、音楽、映画鑑賞,スキルアップ,宮城県在住52歳男性。主婦として働く。趣味は料理、スポーツ、音楽、映画鑑賞。,ブロンズ,368445
cfc3dbdd,男,63,営業職,千葉県,既婚子あり（1人）,音楽、アウトドア、映画鑑賞,老後の資金,千葉県在住63歳男性。営業職として働く。趣味は音楽、アウトドア、映画鑑賞。,ゴールド,357661
ac73f8af,女,47,事務職,愛知県,既婚子あり（2人以上）,DIY、映画鑑賞,健康管理,愛知県在住47歳女性。事務職として働く。趣味はDIY、映画鑑賞。,ゴールド,269918
3544595c,男,37,管理職,東京都,既婚子あり（2人以上）,カフェ巡り、ショッピング,人間関係,東京都在住37歳男性。管理職として働く。趣味はカフェ巡り、ショッピング。,一般,17999
c2ca8ea3,女,62,販売スタッフ,大阪府,既婚子あり（2人以上）,旅行、写真、ゲーム,ワークライフバランス,大阪府在住62歳女性。販売スタッフとして働く。趣味は旅行、写真、ゲーム。,シルバー,180194
2d971537,女,39,ITエンジニア,広島県,既婚子あり（1人）,映画鑑賞、読書,健康管理,広島県在住39歳女性。ITエンジニアとして働く。趣味は映画鑑賞、読書。,一般,391965
54f63042,男,56,医療従事者,東京都,独身,映画鑑賞、音楽、旅行,転職,東京都在住56歳男性。医療従事者として働く。趣味は映画鑑賞、音楽、旅行。,一般,39611
00b37c99,女,27,販売スタッフ,東京都,独身,映画鑑賞、料理、アウトドア,住宅ローン,東京都在住27歳女性。販売スタッフとして働く。趣味は映画鑑賞、料理、アウトドア。,一般,349500
baa9697c,女,41,学生,埼玉県,既婚子なし,音楽、アウトドア、ショッピング、ガーデニング,人間関係,埼玉県在住41歳女性。学生として働く。趣味は音楽、アウトドア、ショッピング、ガーデニング。,一般,355372
993bfead,女,20,ITエンジニア,広島県,既婚子なし,映画鑑賞、スポーツ、カフェ巡り、読書,副業,広島県在住20歳女性。ITエンジニアとして働く。趣味は映画鑑賞、スポーツ、カフェ巡り、読書。,ブロンズ,375013
eb6abc1f,女,57,医療従事者,東京都,独身,料理、読書、ガーデニング、ショッピング,老後の資金,東京都在住57歳女性。医療従事者として働く。趣味は料理、読書、ガーデニング、ショッピング。,ブロンズ,192807
66eb21e4,男,35,学生,北海道,独身,料理、音楽、DIY,老後の資金,北海道在住35歳男性。学生として働く。趣味は料理、音楽、DIY。,一般,98911
c81037af,男,31,営業職,福岡県,既婚子なし,DIY、音楽、ショッピング,副業,福岡県在住31歳男性。営業職として働く。趣味はDIY、音楽、ショッピング。,一般,361612
24d2b303,男,32,医療従事者,千葉県,既婚子あり（2人以上）,スポーツ、カフェ巡り、映画鑑賞、ゲーム,転職,千葉県在住32歳男性。医療従事者として働く。趣味はスポーツ、カフェ巡り、映画鑑賞、ゲーム。,一般,409165
87a893dc,男,38,学生,宮城県,既婚子なし,DIY、映画鑑賞,スキルアップ,宮城県在住38歳男性。学生として働く。趣味はDIY、映画鑑賞。,ブロンズ,255650
686e00c1,女,38,学生,神奈川県,独身,料理、写真,老後の資金,神奈川県在住38歳女性。学生として働く。趣味は料理、写真。,シルバー,404229
a55f4363,女,31,フリーランス,広島県,既婚子あり（1人）,写真、映画鑑賞,ワークライフバランス,広島県在住31歳女性。フリーランスとして働く。趣味は写真、映画鑑賞。,ブロンズ,285491
d0d35b88,女,66,ITエンジニア,東京都,既婚子あり（1人）,スポーツ、アウトドア、カフェ巡り,住宅ローン,東京都在住66歳女性。ITエンジニアとして働く。趣味はスポーツ、アウトドア、カフェ巡り。,一般,498022
6b5e2f0f,男,31,教員,北海道,既婚子なし,ショッピング、読書,ワークライフバランス,北海道在住31歳男性。教員として働く。趣味はショッピング、読書。,ブロンズ,189617
fe3d7f23,男,31,営業職,広島県,既婚子あり（2人以上）,読書、料理、アウトドア,副業,広島県在住31歳男性。営業職として働く。趣味は読書、料理、アウトドア。,シルバー,444693
8a3c5403,女,38,ITエンジニア,福岡県,独身,読書、旅行、アウトドア、音楽,老後の資金,福岡県在住38歳女性。ITエンジニアとして働く。趣味は読書、旅行、アウトドア、音楽。,一般,374942
3a437ea6,男,65,学生,大阪府,既婚子あり（2人以上）,映画鑑賞、アウトドア、DIY,スキルアップ,大阪府在住65歳男性。学生として働く。趣味は映画鑑賞、アウトドア、DIY。,ゴールド,301524
be9731dd,女,32,管理職,北海道,既婚子あり（1人）,DIY、写真、料理、カフェ巡り,住宅ローン,北海道在住32歳女性。管理職として働く。趣味はDIY、写真、料理、カフェ巡り。,ゴールド,94161
57b760d2,女,33,医療従事者,神奈川県,既婚子あり（1人）,ゲーム、音楽,住宅ローン,神奈川県在住33歳女性。医療従事者として働く。趣味はゲーム、音楽。,ブロンズ,100275
a7366537,女,46,事務職,神奈川県,既婚子あり（1人）,ショッピング、ガーデニング,住宅ローン,神奈川県在住46歳女性。事務職として働く。趣味はショッピング、ガーデニング。,ブロンズ,48875
76117afb,男,39,営業職,北海道,既婚子あり（2人以上）,ガーデニング、料理、ショッピング、DIY,副業,北海道在住39歳男性。営業職として働く。趣味はガーデニング、料理、ショッピング、DIY。,ブロンズ,415696
0f6815ed,男,29,主婦,福岡県,既婚子なし,読書、ショッピング、音楽、DIY,キャリアアップ,福岡県在住29歳男性。主婦として働く。趣味は読書、ショッピング、音楽、DIY。,一般,97804
cff268c1,男,22,パート,愛知県,既婚子なし,アウトドア、読書、音楽,スキルアップ,愛知県在住22歳男性。パートとして働く。趣味はアウトドア、読書、音楽。,ゴールド,218007
81ccdc13,男,46,管理職,千葉県,既婚子あり（2人以上）,スポーツ、アウトドア、カフェ巡り,キャリアアップ,千葉県在住46歳男性。管理職として働く。趣味はスポーツ、アウトドア、カフェ巡り。,一般,484876
de3e75a6,女,20,主婦,東京都,独身,映画鑑賞、ショッピング、DIY,転職,東京都在住20歳女性。主婦として働く。趣味は映画鑑賞、ショッピング、DIY。,シルバー,435356
48573005,男,38,医療従事者,千葉県,既婚子あり（1人）,DIY、カフェ巡り、映画鑑賞、ショッピング,副業,千葉県在住38歳男性。医療従事者として働く。趣味はDIY、カフェ巡り、映画鑑賞、ショッピング。,ブロンズ,377585
5c3042ce,女,47,営業職,埼玉県,既婚子あり（2人以上）,スポーツ、料理、DIY、カフェ巡り,老後の資金,埼玉県在住47歳女性。営業職として働く。趣味はスポーツ、料理、DIY、カフェ巡り。,ゴールド,247991
2d94f3cc,女,41,営業職,福岡県,独身,カフェ巡り、映画鑑賞,健康管理,福岡県在住41歳女性。営業職として働く。趣味はカフェ巡り、映画鑑賞。,ブロンズ,175199
4252de6c,女,49,主婦,北海道,既婚子なし,DIY、アウトドア、スポーツ、料理,人間関係,北海道在住49歳女性。主婦として働く。趣味はDIY、アウトドア、スポーツ、料理。,一般,365751
9e59ecb4,男,32,ITエンジニア,埼玉県,既婚子あり（1人）,音楽、アウトドア、読書、DIY,人間関係,埼玉県在住32歳男性。ITエンジニアとして働く。趣味は音楽、アウトドア、読書、DIY。,ブロンズ,150100
ea6b95ea,男,31,管理職,広島県,既婚子なし,映画鑑賞、アウトドア、ゲーム,副業,広島県在住31歳男性。管理職として働く。趣味は映画鑑賞、アウトドア、ゲーム。,一般,250666
957df0c8,男,65,医療従事者,広島県,独身,カフェ巡り、音楽,老後の資金,広島県在住65歳男性。医療従事者として働く。趣味はカフェ巡り、音楽。,シルバー,22269
be54cfdd,女,27,販売スタッフ,広島県,独身,読書、料理,ワークライフバランス,広島県在住27歳女性。販売スタッフとして働く。趣味は読書、料理。,ゴールド,288332
9ec5d592,男,50,教員,千葉県,既婚子あり（1人）,ゲーム、カフェ巡り,転職,千葉県在住50歳男性。教員として働く。趣味はゲーム、カフェ巡り。,一般,69526
9b87b564,男,43,教員,千葉県,独身,ガーデニング、旅行,スキルアップ,千葉県在住43歳男性。教員として働く。趣味はガーデニング、旅行。,シルバー,105552
03211fe0,男,59,事務職,宮城県,独身,スポーツ、料理、映画鑑賞、旅行,住宅ローン,宮城県在住59歳男性。事務職として働く。趣味はスポーツ、料理、映画鑑賞、旅行。,ゴールド,420655
0a377646,女,36,営業職,福岡県,独身,ゲーム、ガーデニング、読書,老後の資金,福岡県在住36歳女性。営業職として働く。趣味はゲーム、ガーデニング、読書。,一般,15575
a3c49dd4,女,54,管理職,大阪府,独身,読書、ゲーム,転職,大阪府在住54歳女性。管理職として働く。趣味は読書、ゲーム。,ブロンズ,393114
0baaf13f,男,61,主婦,福岡県,既婚子なし,スポーツ、読書,老後の資金,福岡県在住61歳男性。主婦として働く。趣味はスポーツ、読書。,シルバー,292016
df820b3f,男,54,学生,広島県,独身,DIY、写真,キャリアアップ,広島県在住54歳男性。学生として働く。趣味はDIY、写真。,ゴールド,96701
d84d10e2,女,66,主婦,東京都,既婚子あり（2人以上）,カフェ巡り、ガーデニング,老後の資金,東京都在住66歳女性。主婦として働く。趣味はカフェ巡り、ガーデニング。,ゴールド,386575
dd2b1323,女,48,医療従事者,埼玉県,既婚子なし,音楽、ゲーム,ワークライフバランス,埼玉県在住48歳女性。医療従事者として働く。趣味は音楽、ゲーム。,ゴールド,164311
9db69206,女,36,事務職,千葉県,独身,カフェ巡り、読書、ガーデニング,スキルアップ,千葉県在住36歳女性。事務職として働く。趣味はカフェ巡り、読書、ガーデニング。,ゴールド,53439
a67566fc,女,37,フリーランス,神奈川県,既婚子あり（2人以上）,料理、旅行、ゲーム,子供の教育,神奈川県在住37歳女性。フリーランスとして働く。趣味は料理、旅行、ゲーム。,一般,62602
73e206ca,男,38,販売スタッフ,愛知県,既婚子なし,カフェ巡り、料理、音楽、スポーツ,老後の資金,愛知県在住38歳男性。販売スタッフとして働く。趣味はカフェ巡り、料理、音楽、スポーツ。,ブロンズ,123747
2c2a23f7,女,36,学生,埼玉県,既婚子なし,映画鑑賞、DIY、カフェ巡り、旅行,住宅ローン,埼玉県在住36歳女性。学生として働く。趣味は映画鑑賞、DIY、カフェ巡り、旅行。,ブロンズ,469392
41d57dde,女,62,パート,愛知県,既婚子なし,アウトドア、音楽、旅行,住宅ローン,愛知県在住62歳女性。パートとして働く。趣味はアウトドア、音楽、旅行。,ブロンズ,395814
e9dc66e5,男,44,学生,千葉県,独身,スポーツ、映画鑑賞、ショッピング、旅行,スキルアップ,千葉県在住44歳男性。学生として働く。趣味はスポーツ、映画鑑賞、ショッピング、旅行。,シルバー,369395
e6504e8b,男,28,フリーランス,大阪府,既婚子なし,スポーツ、旅行、カフェ巡り、アウトドア,老後の資金,大阪府在住28歳男性。フリーランスとして働く。趣味はスポーツ、旅行、カフェ巡り、アウトドア。,ブロンズ,333688
c6331594,女,53,医療従事者,神奈川県,既婚子あり（1人）,映画鑑賞、ショッピング,ワークライフバランス,神奈川県在住53歳女性。医療従事者として働く。趣味は映画鑑賞、ショッピング。,シルバー,268431
81edd628,女,58,医療従事者,神奈川県,独身,アウトドア、音楽,キャリアアップ,神奈川県在住58歳女性。医療従事者として働く。趣味はアウトドア、音楽。,一般,181731
4f85cfea,女,52,医療従事者,東京都,既婚子あり（2人以上）,アウトドア、ショッピング、カフェ巡り、DIY,住宅ローン,東京都在住52歳女性。医療従事者として働く。趣味はアウトドア、ショッピング、カフェ巡り、DIY。,ブロンズ,386048
2f864dd1,女,46,事務職,埼玉県,既婚子あり（1人）,ガーデニング、DIY、アウトドア,スキルアップ,埼玉県在住46歳女性。事務職として働く。趣味はガーデニング、DIY、アウトドア。,シルバー,286663
fe3f85b7,男,26,主婦,埼玉県,既婚子あり（1人）,ゲーム、アウトドア、DIY,ワークライフバランス,埼玉県在住26歳男性。主婦として働く。趣味はゲーム、アウトドア、DIY。,一般,373564
5bc3e0ca,男,50,主婦,宮城県,独身,旅行、スポーツ、カフェ巡り,人間関係,宮城県在住50歳男性。主婦として働く。趣味は旅行、スポーツ、カフェ巡り。,ゴールド,325634
6d9b7902,女,24,フリーランス,東京都,既婚子なし,カフェ巡り、音楽、アウトドア、ガーデニング,健康管理,東京都在住24歳女性。フリーランスとして働く。趣味はカフェ巡り、音楽、アウトドア、ガーデニング。,シルバー,66129
ce335305,男,68,ITエンジニア,千葉県,既婚子あり（2人以上）,カフェ巡り、ショッピング、アウトドア,人間関係,千葉県在住68歳男性。ITエンジニアとして働く。趣味はカフェ巡り、ショッピング、アウトドア。,一般,293430
523454ec,男,23,管理職,埼玉県,既婚子なし,料理、ゲーム,スキルアップ,埼玉県在住23歳男性。管理職として働く。趣味は料理、ゲーム。,一般,143519
37d25617,女,61,学生,東京都,既婚子あり（1人）,カフェ巡り、読書、映画鑑賞、スポーツ,人間関係,東京都在住61歳女性。学生として働く。趣味はカフェ巡り、読書、映画鑑賞、スポーツ。,一般,231722
f7554c5f,男,34,医療従事者,宮城県,独身,DIY、アウトドア、ショッピング,ワークライフバランス,宮城県在住34歳男性。医療従事者として働く。趣味はDIY、アウトドア、ショッピング。,一般,454274
25f58fc2,女,34,教員,北海道,既婚子なし,写真、映画鑑賞,子供の教育,北海道在住34歳女性。教員として働く。趣味は写真、映画鑑賞。,ブロンズ,43497
15fdf090,男,28,営業職,広島県,既婚子あり（1人）,アウトドア、旅行、スポーツ、料理,老後の資金,広島県在住28歳男性。営業職として働く。趣味はアウトドア、旅行、スポーツ、料理。,シルバー,464891
f3d40324,女,47,販売スタッフ,大阪府,既婚子なし,写真、DIY、スポーツ,副業,大阪府在住47歳女性。販売スタッフとして働く。趣味は写真、DIY、スポーツ。,ゴールド,375705
d5595891,男,58,パート,千葉県,既婚子あり（1人）,ガーデニング、読書、映画鑑賞,子供の教育,千葉県在住58歳男性。パートとして働く。趣味はガーデニング、読書、映画鑑賞。,ゴールド,489295
9a2ff61b,男,63,販売スタッフ,千葉県,既婚子あり（2人以上）,スポーツ、DIY、料理、旅行,住宅ローン,千葉県在住63歳男性。販売スタッフとして働く。趣味はスポーツ、DIY、料理、旅行。,ゴールド,457024
39b33ec7,男,31,営業職,愛知県,既婚子あり（1人）,読書、ショッピング,転職,愛知県在住31歳男性。営業職として働く。趣味は読書、ショッピング。,シルバー,400596
a2b9615b,女,30,主婦,愛知県,既婚子あり（1人）,ガーデニング、写真,人間関係,愛知県在住30歳女性。主婦として働く。趣味はガーデニング、写真。,ブロンズ,460409
80ed03d4,女,28,販売スタッフ,大阪府,既婚子なし,アウトドア、旅行、音楽,ワークライフバランス,大阪府在住28歳女性。販売スタッフとして働く。趣味はアウトドア、旅行、音楽。,ゴールド,243331
229f6bb5,女,26,教員,福岡県,既婚子なし,映画鑑賞、音楽,転職,福岡県在住26歳女性。教員として働く。趣味は映画鑑賞、音楽。,一般,476774
cef8af17,男,47,パート,福岡県,既婚子あり（2人以上）,音楽、ショッピング、料理,子供の教育,福岡県在住47歳男性。パートとして働く。趣味は音楽、ショッピング、料理。,シルバー,120219
c8fec864,女,69,営業職,大阪府,既婚子あり（1人）,ショッピング、映画鑑賞,人間関係,大阪府在住69歳女性。営業職として働く。趣味はショッピング、映画鑑賞。,ブロンズ,104271
c6b46eb9,男,49,パート,埼玉県,既婚子なし,写真、ショッピング、アウトドア、DIY,老後の資金,埼玉県在住49歳男性。パートとして働く。趣味は写真、ショッピング、アウトドア、DIY。,一般,259092
e2148853,女,61,事務職,東京都,既婚子あり（1人）,アウトドア、スポーツ、DIY,キャリアアップ,東京都在住61歳女性。事務職として働く。趣味はアウトドア、スポーツ、DIY。,シルバー,323947
7e1fd52e,男,39,フリーランス,北海道,独身,映画鑑賞、料理、ゲーム、音楽,副業,北海道在住39歳男性。フリーランスとして働く。趣味は映画鑑賞、料理、ゲーム、音楽。,ブロンズ,181739
5c0755a2,男,68,主婦,埼玉県,既婚子あり（2人以上）,アウトドア、ゲーム、写真,健康管理,埼玉県在住68歳男性。主婦として働く。趣味はアウトドア、ゲーム、写真。,シルバー,64046
a6c93fb3,男,29,事務職,大阪府,独身,音楽、DIY、ショッピング,健康管理,大阪府在住29歳男性。事務職として働く。趣味は音楽、DIY、ショッピング。,ブロンズ,343197
2a695213,女,43,教員,千葉県,独身,音楽、料理,子供の教育,千葉県在住43歳女性。教員として働く。趣味は音楽、料理。,ブロンズ,237940
e04155f9,女,48,主婦,宮城県,既婚子あり（2人以上）,カフェ巡り、ゲーム、ガーデニング,人間関係,宮城県在住48歳女性。主婦として働く。趣味はカフェ巡り、ゲーム、ガーデニング。,一般,495751
c7795c39,女,53,フリーランス,宮城県,既婚子あり（1人）,料理、カフェ巡り、旅行、映画鑑賞,子供の教育,宮城県在住53歳女性。フリーランスとして働く。趣味は料理、カフェ巡り、旅行、映画鑑賞。,シルバー,261973
4906c9d7,男,54,教員,宮城県,既婚子あり（1人）,音楽、ガーデニング,老後の資金,宮城県在住54歳男性。教員として働く。趣味は音楽、ガーデニング。,ブロンズ,59829
b481b3ed,女,63,主婦,北海道,既婚子あり（2人以上）,ショッピング、音楽、映画鑑賞,住宅ローン,北海道在住63歳女性。主婦として働く。趣味はショッピング、音楽、映画鑑賞。,一般,118853
08954626,男,36,販売スタッフ,千葉県,既婚子あり（1人）,カフェ巡り、ゲーム、アウトドア,子供の教育,千葉県在住36歳男性。販売スタッフとして働く。趣味はカフェ巡り、ゲーム、アウトドア。,ゴールド,51878
fe1d706f,男,22,医療従事者,大阪府,既婚子なし,ガーデニング、読書,住宅ローン,大阪府在住22歳男性。医療従事者として働く。趣味はガーデニング、読書。,一般,41485
f3c134fb,男,64,営業職,福岡県,既婚子あり（1人）,カフェ巡り、ガーデニング,子供の教育,福岡県在住64歳男性。営業職として働く。趣味はカフェ巡り、ガーデニング。,一般,377307
fa157c4e,男,22,事務職,東京都,既婚子あり（2人以上）,ショッピング、スポーツ、DIY,老後の資金,東京都在住22歳男性。事務職として働く。趣味はショッピング、スポーツ、DIY。,ブロンズ,171780
09521edb,女,41,主婦,神奈川県,既婚子なし,ガーデニング、カフェ巡り、ショッピング,老後の資金,神奈川県在住41歳女性。主婦として働く。趣味はガーデニング、カフェ巡り、ショッピング。,ゴールド,368224
27cbce42,女,55,管理職,神奈川県,独身,アウトドア、ガーデニング,健康管理,神奈川県在住55歳女性。管理職として働く。趣味はアウトドア、ガーデニング。,ブロンズ,61892
02b51bc2,女,27,主婦,広島県,既婚子なし,料理、旅行、DIY、写真,住宅ローン,広島県在住27歳女性。主婦として働く。趣味は料理、旅行、DIY、写真。,一般,63550
18a6004c,男,56,医療従事者,広島県,独身,写真、カフェ巡り、音楽,住宅ローン,広島県在住56歳男性。医療従事者として働く。趣味は写真、カフェ巡り、音楽。,一般,396591
90c1582c,女,58,営業職,埼玉県,既婚子あり（1人）,映画鑑賞、アウトドア,老後の資金,埼玉県在住58歳女性。営業職として働く。趣味は映画鑑賞、アウトドア。,シルバー,276711
4ecc1434,女,35,管理職,広島県,既婚子なし,旅行、料理,スキルアップ,広島県在住35歳女性。管理職として働く。趣味は旅行、料理。,ブロンズ,218225
5b4d1b8a,女,37,学生,広島県,独身,写真、ゲーム,住宅ローン,広島県在住37歳女性。学生として働く。趣味は写真、ゲーム。,一般,464444
fcf1d3bd,男,33,管理職,福岡県,独身,DIY、映画鑑賞、カフェ巡り、ゲーム,健康管理,福岡県在住33歳男性。管理職として働く。趣味はDIY、映画鑑賞、カフェ巡り、ゲーム。,シルバー,477447
8cf8d3de,男,20,ITエンジニア,福岡県,既婚子あり（2人以上）,スポーツ、ショッピング、音楽,子供の教育,福岡県在住20歳男性。ITエンジニアとして働く。趣味はスポーツ、ショッピング、音楽。,ブロンズ,36447
f6faed55,男,26,ITエンジニア,神奈川県,既婚子なし,映画鑑賞、音楽、アウトドア、ゲーム,住宅ローン,神奈川県在住26歳男性。ITエンジニアとして働く。趣味は映画鑑賞、音楽、アウトドア、ゲーム。,シルバー,299733
51542415,男,20,営業職,宮城県,既婚子なし,音楽、料理、写真,スキルアップ,宮城県在住20歳男性。営業職として働く。趣味は音楽、料理、写真。,ゴールド,235881
dc0c5f28,女,24,パート,愛知県,既婚子あり（1人）,旅行、映画鑑賞、音楽、写真,人間関係,愛知県在住24歳女性。パートとして働く。趣味は旅行、映画鑑賞、音楽、写真。,ゴールド,46425
9998cce2,男,48,学生,東京都,既婚子あり（1人）,料理、DIY、ゲーム、ガーデニング,ワークライフバランス,東京都在住48歳男性。学生として働く。趣味は料理、DIY、ゲーム、ガーデニング。,一般,455353
721d843a,男,32,パート,北海道,既婚子なし,旅行、ゲーム、映画鑑賞,副業,北海道在住32歳男性。パートとして働く。趣味は旅行、ゲーム、映画鑑賞。,ブロンズ,111683
bdb8805f,男,67,管理職,埼玉県,既婚子あり（1人）,ゲーム、ショッピング,子供の教育,埼玉県在住67歳男性。管理職として働く。趣味はゲーム、ショッピング。,一般,390905
ee4d00de,男,69,ITエンジニア,福岡県,既婚子あり（1人）,ショッピング、写真,転職,福岡県在住69歳男性。ITエンジニアとして働く。趣味はショッピング、写真。,ブロンズ,50926
550c897c,女,27,管理職,大阪府,既婚子あり（2人以上）,ゲーム、料理、ガーデニング、映画鑑賞,健康管理,大阪府在住27歳女性。管理職として働く。趣味はゲーム、料理、ガーデニング、映画鑑賞。,ブロンズ,437530
5cf26364,男,26,販売スタッフ,神奈川県,既婚子あり（2人以上）,カフェ巡り、スポーツ,スキルアップ,神奈川県在住26歳男性。販売スタッフとして働く。趣味はカフェ巡り、スポーツ。,ブロンズ,11692
65ea7530,男,25,ITエンジニア,大阪府,既婚子あり（1人）,ゲーム、ショッピング、写真,健康管理,大阪府在住25歳男性。ITエンジニアとして働く。趣味はゲーム、ショッピング、写真。,ゴールド,228504
1e4064a2,男,36,パート,千葉県,独身,DIY、映画鑑賞,住宅ローン,千葉県在住36歳男性。パートとして働く。趣味はDIY、映画鑑賞。,シルバー,355213
447d9f8a,男,63,事務職,愛知県,独身,スポーツ、ゲーム、料理,副業,愛知県在住63歳男性。事務職として働く。趣味はスポーツ、ゲーム、料理。,シルバー,189631
fa437cc7,女,55,事務職,東京都,既婚子あり（2人以上）,ゲーム、写真,ワークライフバランス,東京都在住55歳女性。事務職として働く。趣味はゲーム、写真。,シルバー,406360
b7351903,男,68,管理職,福岡県,既婚子あり（1人）,旅行、ガーデニング、料理、映画鑑賞,人間関係,福岡県在住68歳男性。管理職として働く。趣味は旅行、ガーデニング、料理、映画鑑賞。,ゴールド,260772
0380b882,女,55,教員,神奈川県,独身,音楽、DIY、料理,キャリアアップ,神奈川県在住55歳女性。教員として働く。趣味は音楽、DIY、料理。,ゴールド,320707
24197fb3,女,27,事務職,大阪府,既婚子あり（1人）,ゲーム、スポーツ、DIY,健康管理,大阪府在住27歳女性。事務職として働く。趣味はゲーム、スポーツ、DIY。,一般,58874
d5147cd5,男,29,事務職,東京都,既婚子あり（1人）,ショッピング、カフェ巡り、ゲーム,老後の資金,東京都在住29歳男性。事務職として働く。趣味はショッピング、カフェ巡り、ゲーム。,一般,416501
124830c6,女,42,管理職,愛知県,独身,料理、カフェ巡り、写真、スポーツ,住宅ローン,愛知県在住42歳女性。管理職として働く。趣味は料理、カフェ巡り、写真、スポーツ。,ブロンズ,472820
f392baf5,女,35,パート,大阪府,独身,アウトドア、ガーデニング、映画鑑賞,キャリアアップ,大阪府在住35歳女性。パートとして働く。趣味はアウトドア、ガーデニング、映画鑑賞。,ブロンズ,271557
805abf8b,男,59,教員,千葉県,既婚子なし,旅行、アウトドア、読書,健康管理,千葉県在住59歳男性。教員として働く。趣味は旅行、アウトドア、読書。,シルバー,303239
329c35bc,男,24,管理職,東京都,既婚子あり（2人以上）,音楽、料理,子供の教育,東京都在住24歳男性。管理職として働く。趣味は音楽、料理。,ゴールド,430485
de25dd34,女,52,営業職,愛知県,既婚子あり（1人）,ショッピング、カフェ巡り,健康管理,愛知県在住52歳女性。営業職として働く。趣味はショッピング、カフェ巡り。,シルバー,283419
ce92dafe,男,22,事務職,千葉県,独身,音楽、スポーツ、ガーデニング、アウトドア,キャリアアップ,千葉県在住22歳男性。事務職として働く。趣味は音楽、スポーツ、ガーデニング、アウトドア。,一般,313332
0c2a2ad4,女,29,ITエンジニア,宮城県,既婚子あり（1人）,ガーデニング、アウトドア、ショッピング、旅行,転職,宮城県在住29歳女性。ITエンジニアとして働く。趣味はガーデニング、アウトドア、ショッピング、旅行。,シルバー,127833
b4d4a0bd,男,49,ITエンジニア,宮城県,独身,映画鑑賞、アウトドア、スポーツ,スキルアップ,宮城県在住49歳男性。ITエンジニアとして働く。趣味は映画鑑賞、アウトドア、スポーツ。,ゴールド,213059
3b74d05f,女,31,販売スタッフ,大阪府,既婚子あり（2人以上）,ショッピング、料理、DIY,ワークライフバランス,大阪府在住31歳女性。販売スタッフとして働く。趣味はショッピング、料理、DIY。,シルバー,307055
01d68358,女,29,フリーランス,北海道,既婚子なし,DIY、料理、スポーツ、音楽,ワークライフバランス,北海道在住29歳女性。フリーランスとして働く。趣味はDIY、料理、スポーツ、音楽。,一般,159020
843e9707,男,48,フリーランス,広島県,既婚子なし,読書、アウトドア,住宅ローン,広島県在住48歳男性。フリーランスとして働く。趣味は読書、アウトドア。,ブロンズ,302686
2dcf3b33,男,54,管理職,埼玉県,既婚子あり（2人以上）,映画鑑賞、料理、カフェ巡り、旅行,健康管理,埼玉県在住54歳男性。管理職として働く。趣味は映画鑑賞、料理、カフェ巡り、旅行。,一般,450963
3775af8e,女,62,教員,宮城県,既婚子あり（2人以上）,DIY、音楽,キャリアアップ,宮城県在住62歳女性。教員として働く。趣味はDIY、音楽。,一般,59194
e6a95bf1,女,24,教員,愛知県,既婚子なし,読書、写真、映画鑑賞、カフェ巡り,住宅ローン,愛知県在住24歳女性。教員として働く。趣味は読書、写真、映画鑑賞、カフェ巡り。,シルバー,381947
6da959ec,女,38,フリーランス,宮城県,既婚子あり（1人）,ゲーム、カフェ巡り、旅行、音楽,スキルアップ,宮城県在住38歳女性。フリーランスとして働く。趣味はゲーム、カフェ巡り、旅行、音楽。,ブロンズ,242314
d5488c1e,女,34,学生,神奈川県,独身,スポーツ、読書、DIY,健康管理,神奈川県在住34歳女性。学生として働く。趣味はスポーツ、読書、DIY。,ゴールド,480668
9aae4b87,男,45,管理職,宮城県,既婚子あり（2人以上）,カフェ巡り、写真,子供の教育,宮城県在住45歳男性。管理職として働く。趣味はカフェ巡り、写真。,一般,452812
2194011f,男,65,医療従事者,福岡県,既婚子なし,写真、アウトドア、カフェ巡り,子供の教育,福岡県在住65歳男性。医療従事者として働く。趣味は写真、アウトドア、カフェ巡り。,一般,425159
c5dd0381,女,32,学生,広島県,既婚子あり（2人以上）,旅行、料理、スポーツ,住宅ローン,広島県在住32歳女性。学生として働く。趣味は旅行、料理、スポーツ。,シルバー,417233
7ababb96,女,51,ITエンジニア,愛知県,既婚子あり（1人）,写真、カフェ巡り、ガーデニング,副業,愛知県在住51歳女性。ITエンジニアとして働く。趣味は写真、カフェ巡り、ガーデニング。,シルバー,212916
b8f91d95,女,55,教員,北海道,既婚子あり（1人）,アウトドア、カフェ巡り、料理、DIY,キャリアアップ,北海道在住55歳女性。教員として働く。趣味はアウトドア、カフェ巡り、料理、DIY。,ゴールド,401141
981ddd0b,女,61,主婦,東京都,既婚子あり（1人）,写真、映画鑑賞,子供の教育,東京都在住61歳女性。主婦として働く。趣味は写真、映画鑑賞。,ゴールド,115595
9372d8bd,男,62,教員,愛知県,既婚子あり（1人）,映画鑑賞、音楽、DIY,スキルアップ,愛知県在住62歳男性。教員として働く。趣味は映画鑑賞、音楽、DIY。,ゴールド,402377
71a08d2f,女,32,ITエンジニア,神奈川県,既婚子あり（2人以上）,ショッピング、料理、カフェ巡り,副業,神奈川県在住32歳女性。ITエンジニアとして働く。趣味はショッピング、料理、カフェ巡り。,ブロンズ,408617
923582fd,女,36,管理職,大阪府,既婚子あり（1人）,映画鑑賞、カフェ巡り、写真、料理,健康管理,大阪府在住36歳女性。管理職として働く。趣味は映画鑑賞、カフェ巡り、写真、料理。,ブロンズ,269442
edab1370,男,30,営業職,愛知県,独身,ゲーム、映画鑑賞、読書、アウトドア,スキルアップ,愛知県在住30歳男性。営業職として働く。趣味はゲーム、映画鑑賞、読書、アウトドア。,ブロンズ,231404
ced01dc6,女,27,営業職,大阪府,既婚子あり（1人）,DIY、旅行,老後の資金,大阪府在住27歳女性。営業職として働く。趣味はDIY、旅行。,ブロンズ,473026
8a6f7149,男,54,医療従事者,北海道,既婚子あり（2人以上）,ショッピング、ゲーム、旅行,老後の資金,北海道在住54歳男性。医療従事者として働く。趣味はショッピング、ゲーム、旅行。,一般,452885
20ef0158,女,67,パート,神奈川県,独身,旅行、読書,キャリアアップ,神奈川県在住67歳女性。パートとして働く。趣味は旅行、読書。,一般,364234
23d4b6fe,女,36,営業職,北海道,既婚子あり（2人以上）,カフェ巡り、ゲーム、スポーツ、ガーデニング,転職,北海道在住36歳女性。営業職として働く。趣味はカフェ巡り、ゲーム、スポーツ、ガーデニング。,一般,345214
e383d998,男,53,営業職,福岡県,既婚子なし,カフェ巡り、ショッピング,キャリアアップ,福岡県在住53歳男性。営業職として働く。趣味はカフェ巡り、ショッピング。,ブロンズ,404606
9a218429,女,64,管理職,埼玉県,既婚子なし,料理、写真,ワークライフバランス,埼玉県在住64歳女性。管理職として働く。趣味は料理、写真。,ブロンズ,60365
1a5dbf28,男,62,医療従事者,宮城県,独身,映画鑑賞、スポーツ、ガーデニング、DIY,子供の教育,宮城県在住62歳男性。医療従事者として働く。趣味は映画鑑賞、スポーツ、ガーデニング、DIY。,ゴールド,78694
940119dd,男,64,営業職,埼玉県,独身,カフェ巡り、音楽、ゲーム,副業,埼玉県在住64歳男性。営業職として働く。趣味はカフェ巡り、音楽、ゲーム。,一般,170958
ff06e17e,男,48,教員,宮城県,既婚子なし,DIY、写真、ショッピング、映画鑑賞,副業,宮城県在住48歳男性。教員として働く。趣味はDIY、写真、ショッピング、映画鑑賞。,ブロンズ,121610
8f22db5d,女,40,教員,北海道,既婚子なし,読書、旅行、ガーデニング、ゲーム,転職,北海道在住40歳女性。教員として働く。趣味は読書、旅行、ガーデニング、ゲーム。,ゴールド,433995
b5bcb618,女,20,学生,神奈川県,独身,音楽、読書,ワークライフバランス,神奈川県在住20歳女性。学生として働く。趣味は音楽、読書。,シルバー,380598
ddf01823,女,48,管理職,埼玉県,独身,音楽、映画鑑賞、ガーデニング,人間関係,埼玉県在住48歳女性。管理職として働く。趣味は音楽、映画鑑賞、ガーデニング。,一般,295973
3eb9cb81,女,41,ITエンジニア,広島県,既婚子あり（1人）,カフェ巡り、料理,転職,広島県在住41歳女性。ITエンジニアとして働く。趣味はカフェ巡り、料理。,ブロンズ,331998
6d469182,男,28,ITエンジニア,北海道,既婚子あり（2人以上）,ガーデニング、写真,人間関係,北海道在住28歳男性。ITエンジニアとして働く。趣味はガーデニング、写真。,ブロンズ,401547
6a8583bd,男,23,医療従事者,福岡県,既婚子あり（1人）,音楽、読書,副業,福岡県在住23歳男性。医療従事者として働く。趣味は音楽、読書。,ブロンズ,95612
e348ba2d,女,45,パート,福岡県,既婚子あり（1人）,カフェ巡り、スポーツ、ゲーム、DIY,スキルアップ,福岡県在住45歳女性。パートとして働く。趣味はカフェ巡り、スポーツ、ゲーム、DIY。,シルバー,74858
d9ce80d1,男,25,事務職,愛知県,既婚子なし,DIY、音楽,健康管理,愛知県在住25歳男性。事務職として働く。趣味はDIY、音楽。,ブロンズ,131826
4bd4e4ec,男,53,事務職,愛知県,独身,ゲーム、写真,人間関係,愛知県在住53歳男性。事務職として働く。趣味はゲーム、写真。,ブロンズ,156428
c85397c9,男,61,フリーランス,宮城県,独身,ゲーム、映画鑑賞、スポーツ、ショッピング,転職,宮城県在住61歳男性。フリーランスとして働く。趣味はゲーム、映画鑑賞、スポーツ、ショッピング。,ゴールド,101241
651ae99b,男,61,学生,千葉県,既婚子あり（2人以上）,アウトドア、読書、DIY,子供の教育,千葉県在住61歳男性。学生として働く。趣味はアウトドア、読書、DIY。,シルバー,403771
c65ae3c5,男,42,主婦,千葉県,既婚子なし,写真、映画鑑賞,子供の教育,千葉県在住42歳男性。主婦として働く。趣味は写真、映画鑑賞。,シルバー,156450
1d8af1bf,男,50,販売スタッフ,神奈川県,独身,写真、DIY、スポーツ、映画鑑賞,住宅ローン,神奈川県在住50歳男性。販売スタッフとして働く。趣味は写真、DIY、スポーツ、映画鑑賞。,一般,210451
2ce0ee9c,男,31,フリーランス,埼玉県,既婚子あり（2人以上）,ショッピング、映画鑑賞,キャリアアップ,埼玉県在住31歳男性。フリーランスとして働く。趣味はショッピング、映画鑑賞。,シルバー,231360
432eedc3,男,30,医療従事者,広島県,独身,カフェ巡り、DIY、旅行,健康管理,広島県在住30歳男性。医療従事者として働く。趣味はカフェ巡り、DIY、旅行。,ゴールド,153583
797bbf74,男,50,主婦,北海道,既婚子あり（2人以上）,ゲーム、映画鑑賞、ショッピング,子供の教育,北海道在住50歳男性。主婦として働く。趣味はゲーム、映画鑑賞、ショッピング。,シルバー,396248
f8babdf6,女,58,ITエンジニア,神奈川県,既婚子なし,スポーツ、アウトドア、読書,キャリアアップ,神奈川県在住58歳女性。ITエンジニアとして働く。趣味はスポーツ、アウトドア、読書。,シルバー,226099
5a6cf8c2,男,24,医療従事者,神奈川県,既婚子あり（1人）,旅行、料理、アウトドア,ワークライフバランス,神奈川県在住24歳男性。医療従事者として働く。趣味は旅行、料理、アウトドア。,一般,317606
2fdfd1d6,男,32,教員,神奈川県,既婚子なし,カフェ巡り、ガーデニング,人間関係,神奈川県在住32歳男性。教員として働く。趣味はカフェ巡り、ガーデニング。,シルバー,52538
922ab1aa,女,26,医療従事者,愛知県,独身,写真、旅行、DIY,ワークライフバランス,愛知県在住26歳女性。医療従事者として働く。趣味は写真、旅行、DIY。,ブロンズ,249984
30283fda,男,30,医療従事者,北海道,独身,スポーツ、読書、ガーデニング、音楽,スキルアップ,北海道在住30歳男性。医療従事者として働く。趣味はスポーツ、読書、ガーデニング、音楽。,ゴールド,223535
7beee4b4,男,44,教員,千葉県,独身,音楽、料理,ワークライフバランス,千葉県在住44歳男性。教員として働く。趣味は音楽、料理。,シルバー,301309
2c8e7c34,男,38,パート,千葉県,独身,写真、読書,スキルアップ,千葉県在住38歳男性。パートとして働く。趣味は写真、読書。,ブロンズ,85690
220f3324,男,32,販売スタッフ,福岡県,独身,ガーデニング、カフェ巡り、旅行,ワークライフバランス,福岡県在住32歳男性。販売スタッフとして働く。趣味はガーデニング、カフェ巡り、旅行。,ゴールド,215447
c81aca17,女,46,教員,広島県,独身,DIY、音楽,スキルアップ,広島県在住46歳女性。教員として働く。趣味はDIY、音楽。,ゴールド,152826
023b6fdd,女,67,事務職,神奈川県,既婚子あり（2人以上）,カフェ巡り、写真、ショッピング、DIY,ワークライフバランス,神奈川県在住67歳女性。事務職として働く。趣味はカフェ巡り、写真、ショッピング、DIY。,一般,108255
de18bc9a,女,61,医療従事者,宮城県,既婚子なし,旅行、音楽、アウトドア、読書,人間関係,宮城県在住61歳女性。医療従事者として働く。趣味は旅行、音楽、アウトドア、読書。,シルバー,292656
7b8e68b2,女,49,学生,大阪府,既婚子あり（2人以上）,料理、旅行,健康管理,大阪府在住49歳女性。学生として働く。趣味は料理、旅行。,ブロンズ,250330
a4bdac13,男,45,医療従事者,福岡県,既婚子なし,旅行、ショッピング、アウトドア、DIY,老後の資金,福岡県在住45歳男性。医療従事者として働く。趣味は旅行、ショッピング、アウトドア、DIY。,ブロンズ,101692
cf770603,女,61,学生,愛知県,独身,料理、写真、読書,ワークライフバランス,愛知県在住61歳女性。学生として働く。趣味は料理、写真、読書。,ゴールド,325013
ea33c470,女,23,教員,広島県,既婚子あり（2人以上）,読書、映画鑑賞、カフェ巡り,ワークライフバランス,広島県在住23歳女性。教員として働く。趣味は読書、映画鑑賞、カフェ巡り。,一般,260702
fc797154,女,64,事務職,東京都,既婚子なし,映画鑑賞、ショッピング、ゲーム,副業,東京都在住64歳女性。事務職として働く。趣味は映画鑑賞、ショッピング、ゲーム。,シルバー,445226
92d3bdd6,女,52,主婦,千葉県,既婚子あり（2人以上）,映画鑑賞、アウトドア、スポーツ,健康管理,千葉県在住52歳女性。主婦として働く。趣味は映画鑑賞、アウトドア、スポーツ。,ブロンズ,213007
756b05ef,女,52,事務職,東京都,既婚子あり（2人以上）,スポーツ、カフェ巡り、ガーデニング,ワークライフバランス,東京都在住52歳女性。事務職として働く。趣味はスポーツ、カフェ巡り、ガーデニング。,一般,335367
f5f29ca4,女,47,営業職,埼玉県,既婚子あり（2人以上）,スポーツ、DIY、ゲーム,老後の資金,埼玉県在住47歳女性。営業職として働く。趣味はスポーツ、DIY、ゲーム。,ブロンズ,276025
cce1ee65,男,51,主婦,東京都,既婚子なし,料理、スポーツ,子供の教育,東京都在住51歳男性。主婦として働く。趣味は料理、スポーツ。,シルバー,415386
c7e3b67e,男,69,教員,宮城県,既婚子あり（2人以上）,アウトドア、DIY、スポーツ,転職,宮城県在住69歳男性。教員として働く。趣味はアウトドア、DIY、スポーツ。,ブロンズ,46758
abf1ab73,女,60,ITエンジニア,愛知県,独身,ゲーム、ショッピング,転職,愛知県在住60歳女性。ITエンジニアとして働く。趣味はゲーム、ショッピング。,ゴールド,284847
5b013d34,男,21,医療従事者,埼玉県,既婚子あり（1人）,映画鑑賞、ショッピング,転職,埼玉県在住21歳男性。医療従事者として働く。趣味は映画鑑賞、ショッピング。,シルバー,73392
ad7f0c03,女,37,教員,福岡県,独身,ゲーム、映画鑑賞、ショッピング,住宅ローン,福岡県在住37歳女性。教員として働く。趣味はゲーム、映画鑑賞、ショッピング。,シルバー,375471
63575240,男,29,パート,愛知県,既婚子あり（1人）,写真、映画鑑賞,健康管理,愛知県在住29歳男性。パートとして働く。趣味は写真、映画鑑賞。,一般,70187
8854a3ec,女,42,営業職,宮城県,既婚子あり（2人以上）,映画鑑賞、ガーデニング,住宅ローン,宮城県在住42歳女性。営業職として働く。趣味は映画鑑賞、ガーデニング。,ゴールド,389402
43b31ccb,女,45,学生,福岡県,既婚子あり（1人）,ガーデニング、アウトドア、料理,副業,福岡県在住45歳女性。学生として働く。趣味はガーデニング、アウトドア、料理。,ブロンズ,339357
52821a53,男,26,ITエンジニア,広島県,独身,映画鑑賞、ショッピング,キャリアアップ,広島県在住26歳男性。ITエンジニアとして働く。趣味は映画鑑賞、ショッピング。,シルバー,92676
15e30549,女,31,管理職,東京都,独身,スポーツ、写真,住宅ローン,東京都在住31歳女性。管理職として働く。趣味はスポーツ、写真。,ゴールド,415361
dd1aebee,男,35,教員,東京都,独身,映画鑑賞、写真、アウトドア、読書,スキルアップ,東京都在住35歳男性。教員として働く。趣味は映画鑑賞、写真、アウトドア、読書。,ブロンズ,302467
b27c2a84,女,21,営業職,愛知県,独身,カフェ巡り、DIY、写真、アウトドア,住宅ローン,愛知県在住21歳女性。営業職として働く。趣味はカフェ巡り、DIY、写真、アウトドア。,ゴールド,287888
0d9fef37,女,52,販売スタッフ,愛知県,既婚子あり（2人以上）,写真、スポーツ、アウトドア,副業,愛知県在住52歳女性。販売スタッフとして働く。趣味は写真、スポーツ、アウトドア。,シルバー,348575
806a70bd,女,57,ITエンジニア,福岡県,既婚子あり（1人）,音楽、スポーツ、アウトドア、カフェ巡り,老後の資金,福岡県在住57歳女性。ITエンジニアとして働く。趣味は音楽、スポーツ、アウトドア、カフェ巡り。,シルバー,308555
72a67ec2,女,45,学生,埼玉県,既婚子なし,ガーデニング、旅行、DIY、カフェ巡り,副業,埼玉県在住45歳女性。学生として働く。趣味はガーデニング、旅行、DIY、カフェ巡り。,ブロンズ,20847
c26defbc,女,60,フリーランス,千葉県,既婚子あり（1人）,スポーツ、ゲーム、写真,子供の教育,千葉県在住60歳女性。フリーランスとして働く。趣味はスポーツ、ゲーム、写真。,一般,14595
4fbb7f58,男,56,事務職,千葉県,既婚子なし,カフェ巡り、旅行、スポーツ、映画鑑賞,健康管理,千葉県在住56歳男性。事務職として働く。趣味はカフェ巡り、旅行、スポーツ、映画鑑賞。,ブロンズ,63098
e71bcaa2,男,64,主婦,愛知県,既婚子あり（2人以上）,旅行、ゲーム、映画鑑賞,子供の教育,愛知県在住64歳男性。主婦として働く。趣味は旅行、ゲーム、映画鑑賞。,ゴールド,106131
2ec26d90,女,42,教員,千葉県,独身,アウトドア、DIY、料理,スキルアップ,千葉県在住42歳女性。教員として働く。趣味はアウトドア、DIY、料理。,一般,56345
85de1dd9,女,30,フリーランス,東京都,既婚子あり（2人以上）,ゲーム、アウトドア,子供の教育,東京都在住30歳女性。フリーランスとして働く。趣味はゲーム、アウトドア。,ゴールド,143625
701d6079,女,51,教員,愛知県,既婚子あり（1人）,カフェ巡り、DIY、アウトドア、旅行,キャリアアップ,愛知県在住51歳女性。教員として働く。趣味はカフェ巡り、DIY、アウトドア、旅行。,ブロンズ,117942
88c660d9,女,35,事務職,大阪府,既婚子なし,スポーツ、カフェ巡り、読書、DIY,住宅ローン,大阪府在住35歳女性。事務職として働く。趣味はスポーツ、カフェ巡り、読書、DIY。,ゴールド,382644
92259d96,女,25,学生,神奈川県,既婚子あり（1人）,料理、映画鑑賞、読書,人間関係,神奈川県在住25歳女性。学生として働く。趣味は料理、映画鑑賞、読書。,ブロンズ,327198
fa94e48e,男,49,管理職,宮城県,既婚子あり（2人以上）,ガーデニング、読書,健康管理,宮城県在住49歳男性。管理職として働く。趣味はガーデニング、読書。,ゴールド,406544
50c98d85,女,25,医療従事者,神奈川県,既婚子あり（2人以上）,スポーツ、映画鑑賞、料理、アウトドア,キャリアアップ,神奈川県在住25歳女性。医療従事者として働く。趣味はスポーツ、映画鑑賞、料理、アウトドア。,一般,484445
c0eb9863,男,50,販売スタッフ,広島県,既婚子なし,スポーツ、アウトドア、ショッピング、音楽,健康管理,広島県在住50歳男性。販売スタッフとして働く。趣味はスポーツ、アウトドア、ショッピング、音楽。,ゴールド,186012
ff1cfa9f,男,25,パート,神奈川県,既婚子なし,旅行、写真,住宅ローン,神奈川県在住25歳男性。パートとして働く。趣味は旅行、写真。,シルバー,319765
f36f3667,男,43,事務職,愛知県,既婚子なし,アウトドア、旅行,ワークライフバランス,愛知県在住43歳男性。事務職として働く。趣味はアウトドア、旅行。,一般,431721
a137cc26,女,58,フリーランス,千葉県,独身,DIY、料理、アウトドア、映画鑑賞,副業,千葉県在住58歳女性。フリーランスとして働く。趣味はDIY、料理、アウトドア、映画鑑賞。,一般,481259
7a9a0869,男,47,主婦,東京都,既婚子あり（2人以上）,旅行、スポーツ、ガーデニング,人間関係,東京都在住47歳男性。主婦として働く。趣味は旅行、スポーツ、ガーデニング。,ブロンズ,486862
758a749b,女,59,ITエンジニア,福岡県,既婚子あり（1人）,旅行、アウトドア、料理,子供の教育,福岡県在住59歳女性。ITエンジニアとして働く。趣味は旅行、アウトドア、料理。,シルバー,23947
df76bfcc,男,33,ITエンジニア,東京都,独身,ガーデニング、カフェ巡り、DIY、アウトドア,健康管理,東京都在住33歳男性。ITエンジニアとして働く。趣味はガーデニング、カフェ巡り、DIY、アウトドア。,ゴールド,487472
18c076f9,男,66,管理職,福岡県,独身,旅行、映画鑑賞、ショッピング、ガーデニング,子供の教育,福岡県在住66歳男性。管理職として働く。趣味は旅行、映画鑑賞、ショッピング、ガーデニング。,一般,228692
6795d7a7,男,60,パート,神奈川県,独身,映画鑑賞、ガーデニング,キャリアアップ,神奈川県在住60歳男性。パートとして働く。趣味は映画鑑賞、ガーデニング。,シルバー,212673
4e3c585e,男,58,営業職,埼玉県,既婚子あり（2人以上）,アウトドア、ショッピング,住宅ローン,埼玉県在住58歳男性。営業職として働く。趣味はアウトドア、ショッピング。,シルバー,183572
31807648,女,43,フリーランス,愛知県,独身,音楽、映画鑑賞、ガーデニング,副業,愛知県在住43歳女性。フリーランスとして働く。趣味は音楽、映画鑑賞、ガーデニング。,シルバー,266211
047f8d63,男,21,営業職,大阪府,既婚子あり（2人以上）,読書、ショッピング、ゲーム、音楽,人間関係,大阪府在住21歳男性。営業職として働く。趣味は読書、ショッピング、ゲーム、音楽。,ブロンズ,138867
b1cd2c7a,男,39,ITエンジニア,福岡県,既婚子あり（1人）,ショッピング、アウトドア、読書,子供の教育,福岡県在住39歳男性。ITエンジニアとして働く。趣味はショッピング、アウトドア、読書。,ブロンズ,394797
0051208b,男,52,管理職,北海道,独身,映画鑑賞、DIY、アウトドア,ワークライフバランス,北海道在住52歳男性。管理職として働く。趣味は映画鑑賞、DIY、アウトドア。,一般,401792
b7c7d91f,男,43,営業職,広島県,独身,ショッピング、アウトドア,健康管理,広島県在住43歳男性。営業職として働く。趣味はショッピング、アウトドア。,ブロンズ,271990
9cfb739e,男,24,教員,神奈川県,既婚子あり（1人）,映画鑑賞、料理、DIY、ガーデニング,キャリアアップ,神奈川県在住24歳男性。教員として働く。趣味は映画鑑賞、料理、DIY、ガーデニング。,ゴールド,150501
0da93951,男,36,教員,宮城県,既婚子あり（2人以上）,ショッピング、DIY、ガーデニング,スキルアップ,宮城県在住36歳男性。教員として働く。趣味はショッピング、DIY、ガーデニング。,ブロンズ,374673
c49437b7,女,30,学生,千葉県,独身,ゲーム、ショッピング、ガーデニング、料理,転職,千葉県在住30歳女性。学生として働く。趣味はゲーム、ショッピング、ガーデニング、料理。,ゴールド,370457
31d699b5,女,38,フリーランス,広島県,既婚子あり（2人以上）,ゲーム、映画鑑賞、ショッピング、カフェ巡り,転職,広島県在住38歳女性。フリーランスとして働く。趣味はゲーム、映画鑑賞、ショッピング、カフェ巡り。,一般,19031
0ecc70f4,男,65,営業職,福岡県,既婚子あり（2人以上）,DIY、写真,キャリアアップ,福岡県在住65歳男性。営業職として働く。趣味はDIY、写真。,ゴールド,231281
7b5d2b2a,女,27,営業職,愛知県,既婚子なし,スポーツ、ゲーム,人間関係,愛知県在住27歳女性。営業職として働く。趣味はスポーツ、ゲーム。,一般,172803
d7404253,男,50,管理職,広島県,既婚子あり（2人以上）,料理、映画鑑賞、アウトドア,老後の資金,広島県在住50歳男性。管理職として働く。趣味は料理、映画鑑賞、アウトドア。,ブロンズ,376283
9b6da185,男,50,販売スタッフ,北海道,既婚子あり（1人）,料理、カフェ巡り、映画鑑賞、ゲーム,人間関係,北海道在住50歳男性。販売スタッフとして働く。趣味は料理、カフェ巡り、映画鑑賞、ゲーム。,ゴールド,342320
10934be1,女,62,教員,神奈川県,既婚子なし,写真、ショッピング、ゲーム、スポーツ,スキルアップ,神奈川県在住62歳女性。教員として働く。趣味は写真、ショッピング、ゲーム、スポーツ。,シルバー,333159
95cf8f63,女,41,主婦,千葉県,既婚子あり（1人）,カフェ巡り、料理,キャリアアップ,千葉県在住41歳女性。主婦として働く。趣味はカフェ巡り、料理。,一般,391457
c75f941a,男,30,事務職,北海道,既婚子あり（2人以上）,ガーデニング、映画鑑賞,健康管理,北海道在住30歳男性。事務職として働く。趣味はガーデニング、映画鑑賞。,ゴールド,185335
1df10689,女,58,ITエンジニア,愛知県,既婚子あり（1人）,アウトドア、読書、ガーデニング,老後の資金,愛知県在住58歳女性。ITエンジニアとして働く。趣味はアウトドア、読書、ガーデニング。,一般,469411
4c897826,女,64,教員,広島県,既婚子あり（2人以上）,カフェ巡り、DIY,健康管理,広島県在住64歳女性。教員として働く。趣味はカフェ巡り、DIY。,一般,189438
00a27d1c,男,64,事務職,福岡県,既婚子あり（2人以上）,DIY、映画鑑賞,スキルアップ,福岡県在住64歳男性。事務職として働く。趣味はDIY、映画鑑賞。,一般,40630
fcd7e84c,女,42,医療従事者,宮城県,独身,料理、写真、旅行,人間関係,宮城県在住42歳女性。医療従事者として働く。趣味は料理、写真、旅行。,ゴールド,450735
e4658bd7,男,58,教員,福岡県,既婚子なし,ガーデニング、ゲーム、映画鑑賞,キャリアアップ,福岡県在住58歳男性。教員として働く。趣味はガーデニング、ゲーム、映画鑑賞。,シルバー,42866
1397751d,女,22,主婦,福岡県,既婚子あり（2人以上）,ショッピング、写真、映画鑑賞、旅行,スキルアップ,福岡県在住22歳女性。主婦として働く。趣味はショッピング、写真、映画鑑賞、旅行。,ブロンズ,444912
3f688741,女,39,学生,北海道,既婚子あり（2人以上）,スポーツ、DIY、アウトドア,健康管理,北海道在住39歳女性。学生として働く。趣味はスポーツ、DIY、アウトドア。,シルバー,162513
e46c1240,男,59,事務職,埼玉県,既婚子なし,料理、音楽,健康管理,埼玉県在住59歳男性。事務職として働く。趣味は料理、音楽。,ゴールド,499420
586e111b,男,51,パート,広島県,既婚子あり（2人以上）,読書、料理、DIY,老後の資金,広島県在住51歳男性。パートとして働く。趣味は読書、料理、DIY。,ゴールド,373603
7439d9af,女,44,事務職,北海道,既婚子なし,ガーデニング、写真、ゲーム、旅行,子供の教育,北海道在住44歳女性。事務職として働く。趣味はガーデニング、写真、ゲーム、旅行。,ブロンズ,295411
